timestamp,open,high,low,close,adjusted_close,volume,dividend_amount,split_coefficient
2023-02-08,33.17,34.31,32.89,33.21,33.21,2000970,0.0000,1.0
2023-02-07,31.65,31.88,31.205,31.8,31.8,1589655,0.0000,1.0
2023-02-06,32.12,32.12,31.56,31.81,31.81,606365,0.0000,1.0
2023-02-03,32.41,32.67,32.23,32.3,32.3,1819110,0.0000,1.0
2023-02-02,32.01,32.935,31.98,32.71,32.71,709015,0.0000,1.0
2023-02-01,31.44,32.17,31.23,32.01,32.01,827527,0.0000,1.0
2023-01-31,31.54,31.7,31.28,31.7,31.7,590499,0.0000,1.0
2023-01-30,31.37,31.62,31.25,31.41,31.41,1144105,0.0000,1.0
2023-01-27,31.58,31.8,31.45,31.62,31.62,470470,0.0000,1.0
2023-01-26,31.41,31.7883,31.3,31.72,31.72,622806,0.0000,1.0
2023-01-25,30.82,31.77,30.51,31.33,31.33,1154586,0.0000,1.0
2023-01-24,30.54,30.775,30.41,30.63,30.63,699134,0.0000,1.0
2023-01-23,29.74,30.765,29.68,30.69,30.69,774692,0.0000,1.0
2023-01-20,29.53,29.71,29.275,29.71,29.71,1336877,0.0000,1.0
2023-01-19,29.33,29.47,28.95,29.41,29.41,998945,0.0000,1.0
2023-01-18,29.9,30.15,29.505,29.52,29.52,574208,0.0000,1.0
2023-01-17,30.39,30.49,29.8099,29.88,29.88,2225285,0.0000,1.0
2023-01-13,30.03,30.42,29.95,30.31,30.31,861284,0.0000,1.0
2023-01-12,30.14,30.385,29.8,30.25,30.25,694970,0.0000,1.0
2023-01-11,30.14,30.21,29.63,30.09,30.09,808209,0.0000,1.0
2023-01-10,29.36,30.03,29.3,29.98,29.98,3472678,0.0000,1.0
2023-01-09,29.8,30.035,29.38,29.4,29.4,2975385,0.0000,1.0
2023-01-06,29.21,29.87,29.08,29.8,29.8,1127315,0.0000,1.0
2023-01-05,29.25,29.33,28.79,28.95,28.95,793325,0.0000,1.0
2023-01-04,28.56,29.42,28.22,29.37,29.37,965439,0.0000,1.0
2023-01-03,28.44,28.7,28.145,28.34,28.34,1204120,0.0000,1.0
2022-12-30,28.38,28.47,28.055,28.45,28.45,903589,0.0000,1.0
2022-12-29,28.3,28.87,28.24,28.58,28.58,722022,0.0000,1.0
2022-12-28,28.71,28.71,28.15,28.15,28.15,329038,0.0000,1.0
2022-12-27,28.75,28.805,28.36,28.66,28.66,536270,0.0000,1.0
2022-12-23,28.54,28.89,28.54,28.85,28.85,574962,0.0000,1.0
2022-12-22,28.16,28.63,28.08,28.54,28.54,796052,0.0000,1.0
2022-12-21,28.22,28.57,28.15,28.39,28.39,600377,0.0000,1.0
2022-12-20,27.61,28.14,27.53,28.1,28.1,1153249,0.0000,1.0
2022-12-19,28.57,28.62,27.46,27.63,27.63,1602648,0.0000,1.0
2022-12-16,28.57,28.93,28.47,28.68,28.68,3506718,0.0000,1.0
2022-12-15,29.32,29.62,28.73,28.74,28.74,1547743,0.0000,1.0
2022-12-14,29.91,30.37,29.61,29.77,29.77,1229797,0.0000,1.0
2022-12-13,30.11,30.79,29.88,30.04,30.04,1600934,0.0000,1.0
2022-12-12,29.31,29.67,29.17,29.66,29.66,784908,0.0000,1.0
2022-12-09,29.26,29.6808,29.07,29.41,29.41,1469357,0.0000,1.0
2022-12-08,29.02,29.725,28.86,29.26,29.26,3296224,0.0000,1.0
2022-12-07,29.24,29.242,28.55,28.92,28.92,842040,0.0000,1.0
2022-12-06,30.23,30.37,29.08,29.23,29.23,1432216,0.0000,1.0
2022-12-05,30.43,30.72,30.09,30.15,30.15,675255,0.0000,1.0
2022-12-02,30.0,30.625,29.86,30.61,30.61,1220963,0.0000,1.0
2022-12-01,30.62,30.8725,29.955,30.28,30.28,984622,0.0000,1.0
2022-11-30,29.86,30.58,29.51,30.52,30.52,1423929,0.0000,1.0
2022-11-29,29.19,29.95,29.03,29.94,29.94,851815,0.0000,1.0
2022-11-28,29.35,29.57,29.04,29.25,29.25,1092737,0.0000,1.0
2022-11-25,29.19,29.49,29.17,29.45,29.45,469678,0.0000,1.0
2022-11-23,29.16,29.33,28.96,29.25,29.25,1529019,0.0000,1.0
2022-11-22,28.9,29.24,28.875,29.12,29.12,1380325,0.0000,1.0
2022-11-21,29.28,29.34,28.555,28.84,28.84,857470,0.0000,1.0
2022-11-18,29.18,29.29,28.89,29.14,29.14,647703,0.0000,1.0
2022-11-17,28.45,29.0,28.45,28.84,28.84,994739,0.0000,1.0
2022-11-16,29.08,29.08,28.28,28.86,28.86,1651578,0.0000,1.0
2022-11-15,29.0,29.555,28.72,28.99,28.99,1083617,0.0000,1.0
2022-11-14,28.76,29.37,28.76,28.79,28.79,1267691,0.0000,1.0
2022-11-11,27.91,28.905,27.7619,28.76,28.76,1040631,0.0000,1.0
2022-11-10,27.57,28.01,27.3599,27.7,27.7,1910784,0.0000,1.0
2022-11-09,27.08,27.15,26.35,26.66,26.66,1581250,0.0000,1.0
2022-11-08,27.57,28.04,27.24,27.62,27.62,1149139,0.0000,1.0
2022-11-07,28.11,28.28,27.08,27.44,27.44,1434125,0.0000,1.0
2022-11-04,28.37,28.52,27.29,27.83,27.83,1116034,0.0000,1.0
2022-11-03,27.92,28.195,27.59,28.02,28.02,1215779,0.0000,1.0
2022-11-02,28.41,29.18,28.131,28.17,28.17,1057945,0.0000,1.0
2022-11-01,28.09,29.46,27.81,28.61,28.61,1495319,0.0000,1.0
2022-10-31,27.25,27.31,26.9,27.2,27.2,1322718,0.0000,1.0
2022-10-28,26.79,27.28,26.49,27.21,27.21,1236124,0.0000,1.0
2022-10-27,27.52,27.57,26.43,26.57,26.57,1304945,0.0000,1.0
2022-10-26,28.21,28.32,27.22,27.255,27.255,1279853,0.0000,1.0
2022-10-25,27.7,28.095,27.54,28.0,28.0,1024547,0.0000,1.0
2022-10-24,27.84,28.0224,27.32,27.73,27.73,1196285,0.0000,1.0
2022-10-21,27.28,27.9,27.19,27.61,27.61,929005,0.0000,1.0
2022-10-20,27.78,27.86,27.315,27.36,27.36,1168714,0.0000,1.0
2022-10-19,27.47,28.1,27.27,27.66,27.66,1403452,0.0000,1.0
2022-10-18,27.34,28.09,27.06,27.58,27.58,2080656,0.0000,1.0
2022-10-17,27.92,28.1,26.54,26.8,26.8,4539122,0.0000,1.0
2022-10-14,29.5,29.79,29.0,29.16,29.16,1652796,0.0000,1.0
2022-10-13,27.88,29.44,27.86,29.38,29.38,1212508,0.0000,1.0
2022-10-12,28.53,28.68,28.16,28.29,28.29,970609,0.0000,1.0
2022-10-11,28.75,28.88,28.24,28.53,28.53,709178,0.0000,1.0
2022-10-10,29.17,29.5,28.86,28.93,28.93,1134840,0.0000,1.0
2022-10-07,28.85,29.26,28.63,29.11,29.11,3538611,0.0000,1.0
2022-10-06,29.61,29.68,28.88,29.01,29.01,899727,0.0000,1.0
2022-10-05,29.61,29.73,29.15,29.25,29.25,869593,0.0000,1.0
2022-10-04,29.29,30.07,29.19,29.98,29.98,1452134,0.0000,1.0
2022-10-03,28.87,29.08,28.39,29.04,29.04,1083399,0.0000,1.0
2022-09-30,28.48,29.09,28.39,28.5,28.5,1153646,0.0000,1.0
2022-09-29,28.78,28.87,28.125,28.37,28.37,1244825,0.0000,1.0
2022-09-28,28.76,29.28,28.57,29.18,29.18,1151064,0.0000,1.0
2022-09-27,29.14,29.58,28.57,28.71,28.71,903907,0.0000,1.0
2022-09-26,29.29,29.79,28.87,28.96,28.96,848081,0.0000,1.0
2022-09-23,29.71,29.71,29.02,29.47,29.47,760326,0.0000,1.0
2022-09-22,30.41,30.49,29.87,29.89,29.89,681983,0.0000,1.0
2022-09-21,31.83,31.96,30.39,30.4,30.4,828990,0.0000,1.0
2022-09-20,31.8,31.88,31.43,31.7,31.7,1144520,0.0000,1.0
2022-09-19,31.06,31.975,31.01,31.95,31.95,1201174,0.0000,1.0
2022-09-16,32.01,32.07,30.82,31.19,31.19,3267794,0.0000,1.0
2022-09-15,31.03,32.2789,31.01,32.03,32.03,1273399,0.0000,1.0
2022-09-14,31.17,31.17,30.34,31.03,31.03,1810164,0.0000,1.0
2022-09-13,31.75,31.94,31.04,31.1,31.1,1699577,0.0000,1.0
2022-09-12,32.15,32.41,32.03,32.3,32.3,752239,0.0000,1.0
2022-09-09,31.06,32.04,31.06,31.97,31.97,714196,0.0000,1.0
2022-09-08,30.65,30.95,30.14,30.94,30.94,947029,0.0000,1.0
2022-09-07,30.52,30.98,30.4,30.87,30.87,1699801,0.0000,1.0
2022-09-06,31.32,31.32,30.24,30.55,30.55,2810322,0.0000,1.0
2022-09-02,31.86,32.03,31.155,31.24,31.24,840938,0.0000,1.0
2022-09-01,31.55,31.62,31.21,31.53,31.53,1302936,0.0000,1.0
2022-08-31,31.7,32.12,31.6,31.62,31.62,1384392,0.0000,1.0
2022-08-30,31.75,31.85,31.38,31.64,31.64,1528805,0.2500,1.0
2022-08-29,31.69,31.96,31.33,31.73,31.4812543116965,1802211,0.0000,1.0
2022-08-26,32.33,32.68,31.64,31.72,31.4713327061775,1019715,0.0000,1.0
2022-08-25,32.31,32.4,32.055,32.29,32.0368642207589,1275488,0.0000,1.0
2022-08-24,31.82,32.405,31.61,32.08,31.8285105048605,741146,0.0000,1.0
2022-08-23,32.01,32.44,31.695,31.82,31.5705487613672,1360957,0.0000,1.0
2022-08-22,32.6,32.6,31.83,31.99,31.7392160551897,887973,0.0000,1.0
2022-08-19,33.08,33.15,32.73,32.91,32.6520037629351,672509,0.0000,1.0
2022-08-18,33.54,33.67,33.125,33.23,32.9694951395422,668635,0.0000,1.0
2022-08-17,33.52,33.75,33.26,33.43,33.1679272499216,541061,0.0000,1.0
2022-08-16,33.49,33.865,33.38,33.74,33.4754970210097,982167,0.0000,1.0
2022-08-15,33.49,33.65,33.22,33.57,33.3068297271872,1806048,0.0000,1.0
2022-08-12,33.76,34.0,33.38,33.75,33.4854186265287,998399,0.0000,1.0
2022-08-11,32.69,33.75,32.69,33.66,33.396124176858,1615267,0.0000,1.0
2022-08-10,32.0,32.99,31.85,32.37,32.1162370649106,1253357,0.0000,1.0
2022-08-09,31.23,31.62,31.06,31.35,31.1042333019755,705512,0.0000,1.0
2022-08-08,31.14,31.45,31.01,31.13,30.8859579805582,550885,0.0000,1.0
2022-08-05,30.86,31.19,30.6,31.0,30.7569771088115,538320,0.0000,1.0
2022-08-04,31.25,31.65,31.03,31.19,30.945487613672,615452,0.0000,1.0
2022-08-03,30.97,31.5,30.92,31.29,31.0447036688617,494359,0.0000,1.0
2022-08-02,31.11,31.41,30.86,30.93,30.6875258701787,698866,0.0000,1.0
2022-08-01,30.79,31.17,30.63,31.1,30.8561931640013,818362,0.0000,1.0
2022-07-29,32.28,32.325,30.73,30.9,30.6577610536218,1357100,0.0000,1.0
2022-07-28,32.06,32.42,31.55,32.37,32.1162370649106,431914,0.0000,1.0
2022-07-27,31.81,32.16,31.54,32.1,31.8483537158984,1312089,0.0000,1.0
2022-07-26,32.42,32.58,31.33,31.57,31.3225086233929,527067,0.0000,1.0
2022-07-25,32.76,32.97,32.455,32.65,32.3940420194418,738490,0.0000,1.0
2022-07-22,32.4,32.76,32.2,32.57,32.3146691752901,533225,0.0000,1.0
2022-07-21,32.23,32.42,31.88,32.42,32.1658450925055,824186,0.0000,1.0
2022-07-20,31.76,32.32,31.58,32.17,31.9178049545312,724901,0.0000,1.0
2022-07-19,31.13,31.72,31.09,31.65,31.4018814675447,612758,0.0000,1.0
2022-07-18,30.75,31.14,30.31,30.73,30.4890937597993,1142546,0.0000,1.0
2022-07-15,30.45,31.06,30.3,31.03,30.7867419253685,642327,0.0000,1.0
2022-07-14,30.03,30.17,29.74,30.02,29.7846597679523,640626,0.0000,1.0
2022-07-13,30.36,30.52,29.49,30.37,30.1319159611163,1199513,0.0000,1.0
2022-07-12,30.11,31.01,30.11,30.62,30.3799560990906,825119,0.0000,1.0
2022-07-11,30.44,30.56,30.07,30.28,30.0426215114456,772714,0.0000,1.0
2022-07-08,30.93,31.09,30.48,30.63,30.3898777046096,881806,0.0000,1.0
2022-07-07,30.69,31.1,30.6,30.82,30.5783882094701,960837,0.0000,1.0
2022-07-06,30.7,31.03,30.03,30.57,30.3303480714958,1238820,0.0000,1.0
2022-07-05,30.15,30.63,29.71,30.63,30.3898777046096,862583,0.0000,1.0
2022-07-01,29.52,30.61,29.52,30.59,30.3501912825337,630200,0.0000,1.0
2022-06-30,29.93,30.27,29.52,29.7,29.4671683913453,848112,0.0000,1.0
2022-06-29,30.25,30.41,29.58,30.14,29.90371903418,677389,0.0000,1.0
2022-06-28,30.59,30.94,30.1915,30.22,29.9830918783318,799448,0.0000,1.0
2022-06-27,30.42,30.58,30.1,30.52,30.2807400439009,604774,0.0000,1.0
2022-06-24,29.92,30.65,29.78,30.35,30.1120727500784,1395183,0.0000,1.0
2022-06-23,29.74,29.83,29.28,29.67,29.4374035747883,1026098,0.0000,1.0
2022-06-22,29.85,30.12,29.48,29.72,29.4870116023832,1309690,0.0000,1.0
2022-06-21,29.87,30.58,29.79,30.14,29.90371903418,2009262,0.0000,1.0
2022-06-17,29.78,30.34,29.53,29.69,29.4572467858263,2506983,0.0000,1.0
2022-06-16,29.85,30.14,29.2,29.8,29.566384446535,1525442,0.0000,1.0
2022-06-15,29.88,30.88,29.79,30.44,30.2013671997491,1421636,0.0000,1.0
2022-06-14,29.23,29.895,29.07,29.65,29.4175603637504,1091020,0.0000,1.0
2022-06-13,29.7,29.7,28.99,29.21,28.9810097209157,1551600,0.0000,1.0
2022-06-10,30.58,30.71,30.02,30.03,29.7945813734713,1215094,0.0000,1.0
2022-06-09,31.45,31.56,30.96,30.98,30.7371338977736,598622,0.0000,1.0
2022-06-08,31.81,32.31,31.43,31.49,31.2431357792411,846270,0.0000,1.0
2022-06-07,31.3,32.11,31.21,32.04,31.7888240827846,774835,0.0000,1.0
2022-06-06,31.83,31.93,31.405,31.59,31.3423518344309,899279,0.0000,1.0
2022-06-03,31.66,31.86,31.43,31.65,31.4018814675447,745434,0.0000,1.0
2022-06-02,31.89,32.21,31.29,31.86,31.6102351834431,944313,0.0000,1.0
2022-06-01,32.9,32.99,31.58,32.15,31.8979617434933,1729652,0.0000,1.0
2022-05-31,32.72,32.88,32.4,32.71,32.4535716525557,2440821,0.0000,1.0
2022-05-27,31.85,32.75,31.75,32.69,32.4337284415177,872745,0.0000,1.0
2022-05-26,30.89,31.87,30.83,31.81,31.5606271558482,934054,0.0000,1.0
2022-05-25,29.98,30.95,29.98,30.77,30.5287801818752,1204627,0.0000,1.0
2022-05-24,31.41,31.41,29.83,30.0,29.7648165569144,1861624,0.0000,1.0
2022-05-23,31.41,31.82,30.83,31.62,31.3721166509878,1718321,0.0000,1.0
2022-05-20,31.04,31.26,30.58,30.94,30.6974474756977,1005103,0.0000,1.0
2022-05-19,30.76,31.11,30.49,30.79,30.5486233929131,1045600,0.0000,1.0
2022-05-18,31.79,31.83,30.79,30.89,30.6478394481029,1163392,0.0000,1.0
2022-05-17,31.4,32.17,31.39,31.97,31.7193728441518,2167174,0.0000,1.0
2022-05-16,31.19,31.36,30.88,31.11,30.8661147695202,829055,0.0000,1.0
2022-05-13,31.37,31.54,30.9,31.24,30.9950956412669,1216707,0.0000,1.0
2022-05-12,30.5,31.01,29.84,30.86,30.6180746315459,2057538,0.0000,1.0
2022-05-11,29.95,31.19,29.95,30.56,30.3204264659768,1747326,0.0000,1.0
2022-05-10,30.89,30.95,28.96,29.9,29.6656005017247,1879565,0.0000,1.0
2022-05-09,31.79,31.9671,30.47,30.57,30.3303480714958,2421760,0.0000,1.0
2022-05-06,33.56,33.64,31.71,32.06,31.8086672938225,1387839,0.0000,1.0
2022-05-05,34.07,34.37,33.54,33.72,33.4556538099718,931976,0.0000,1.0
2022-05-04,33.56,34.42,33.44,34.37,34.1005581687049,569290,0.0000,1.0
2022-05-03,33.93,34.155,33.41,33.63,33.366359360301,877544,0.0000,1.0
2022-05-02,33.42,33.97,33.31,33.86,33.5945562872374,994268,0.0000,1.0
2022-04-29,33.89,34.16,33.16,33.24,32.9794167450612,802490,0.0000,1.0
2022-04-28,33.96,34.39,33.66,33.92,33.6540859203512,860563,0.0000,1.0
2022-04-27,34.05,34.25,33.25,33.78,33.5151834430856,1202731,0.0000,1.0
2022-04-26,34.93,35.06,33.97,34.01,33.743380370022,1104796,0.0000,1.0
2022-04-25,35.12,35.34,34.54,35.18,34.9042082157416,1093516,0.0000,1.0
2022-04-22,35.78,35.91,35.195,35.33,35.0530322985262,782801,0.0000,1.0
2022-04-21,36.68,37.06,35.79,35.88,35.5987206020696,1353793,0.0000,1.0
2022-04-20,36.13,36.61,35.0,36.48,36.1940169332079,924976,0.0000,1.0
2022-04-19,36.13,36.34,35.74,36.2,35.9162119786767,667866,0.0000,1.0
2022-04-18,35.91,36.17,35.7,35.97,35.6880150517404,719750,0.0000,1.0
2022-04-14,35.99,36.4,35.81,35.85,35.5689557855127,1431486,0.0000,1.0
2022-04-13,35.68,36.02,35.63,35.93,35.6483286296645,608511,0.0000,1.0
2022-04-12,35.7,36.09,35.34,35.61,35.3308372530574,750468,0.0000,1.0
2022-04-11,35.74,36.29,35.39,35.51,35.2316211978677,726083,0.0000,1.0
2022-04-08,35.35,36.03,35.35,35.76,35.479661335842,740709,0.0000,1.0
2022-04-07,35.5,35.77,34.75,35.33,35.0530322985262,693799,0.0000,1.0
2022-04-06,35.53,35.69,35.12,35.62,35.3407588585764,974461,0.0000,1.0
2022-04-05,36.2,36.56,35.38,35.55,35.2713076199436,758529,0.0000,1.0
2022-04-04,36.08,36.42,35.24,36.41,36.1245656945751,617068,0.0000,1.0
2022-04-01,36.62,36.735,35.91,36.17,35.8864471621198,770906,0.0000,1.0
2022-03-31,36.69,37.2,36.24,36.28,35.9955848228285,679732,0.0000,1.0
2022-03-30,37.53,37.74,36.695,36.83,36.5412731263719,1174910,0.0000,1.0
2022-03-29,37.66,37.8,37.27,37.56,37.2655503292568,449489,0.0000,1.0
2022-03-28,37.75,37.84,36.81,37.27,36.9778237692067,450357,0.0000,1.0
2022-03-25,37.59,38.29,37.59,37.82,37.5235120727501,712838,0.0000,1.0
2022-03-24,37.17,37.74,37.11,37.57,37.2754719347758,507841,0.0000,1.0
2022-03-23,37.6,37.84,37.18,37.18,36.8885293195359,593030,0.0000,1.0
2022-03-22,37.8,38.28,37.65,37.76,37.4639824396363,644084,0.0000,1.0
2022-03-21,37.64,38.67,37.25,37.54,37.2457071182189,2425982,0.0000,1.0
2022-03-18,37.04,37.74,36.48,37.68,37.3846095954845,1668348,0.0000,1.0
2022-03-17,37.17,37.17,35.92,37.05,36.7595484477893,1033082,0.0000,1.0
2022-03-16,36.79,37.5,36.57,37.42,37.1266478519912,1095169,0.0000,1.0
2022-03-15,36.09,36.65,35.66,36.62,36.3329194104735,806626,0.0000,1.0
2022-03-14,36.67,37.28,35.57,35.72,35.4399749137661,1297341,0.0000,1.0
2022-03-11,36.74,37.35,36.11,36.18,35.8963687676388,736322,0.0000,1.0
2022-03-10,37.06,37.37,36.19,36.61,36.3229978049545,1025928,0.0000,1.0
2022-03-09,38.74,38.92,37.37,37.43,37.1365694575102,883199,0.0000,1.0
2022-03-08,38.12,38.86,37.8,38.2,37.900533082471,663926,0.0000,1.0
2022-03-07,38.95,39.305,37.99,38.03,37.7318657886485,1188739,0.0000,1.0
2022-03-04,39.15,39.255,38.68,39.07,38.7637127626215,782534,0.0000,1.0
2022-03-03,39.34,39.87,39.09,39.53,39.2201066164942,845307,0.0000,1.0
2022-03-02,37.91,39.78,37.83,39.32,39.0117529005958,1097768,0.0000,1.0
2022-03-01,37.9,38.24,37.4,37.64,37.3449231734086,987466,0.2400,1.0
2022-02-28,37.72,38.46,37.51,38.26,37.7195554544512,1608475,0.0000,1.0
2022-02-25,37.43,38.535,37.1,38.23,37.6899792217373,960594,0.0000,1.0
2022-02-24,36.9,37.38,36.445,37.26,36.7336810306548,1077601,0.0000,1.0
2022-02-23,38.53,38.53,37.36,37.43,36.9012796827002,1355447,0.0000,1.0
2022-02-22,38.44,38.81,38.06,38.18,37.6406855005475,1964464,0.0000,1.0
2022-02-18,38.6,39.05,37.84,38.54,37.9956002931142,1515746,0.0000,1.0
2022-02-17,38.8166,39.24,38.43,38.66,38.1139052239698,1321901,0.0000,1.0
2022-02-16,38.66,39.06,38.19,38.91,38.3603738299189,1261881,0.0000,1.0
2022-02-15,39.02,39.74,38.89,39.11,38.5575487146782,1099168,0.0000,1.0
2022-02-14,39.59,39.75,38.63,38.75,38.2026339221115,972699,0.0000,1.0
2022-02-11,39.81,40.5,39.33,39.45,38.892746018769,1080348,0.0000,1.0
2022-02-10,39.6,40.91,39.29,40.05,39.4842706730468,1282442,0.0000,1.0
2022-02-09,37.82,39.99,37.77,39.92,39.3561069979533,1719544,0.0000,1.0
2022-02-08,37.37,37.71,37.05,37.35,36.8224097287965,913089,0.0000,1.0
2022-02-07,37.41,37.725,37.08,37.18,36.6548110767511,797770,0.0000,1.0
2022-02-04,37.37,37.68,36.94,37.25,36.7238222864168,808503,0.0000,1.0
2022-02-03,37.25,37.75,36.99,37.45,36.9209971711761,707800,0.0000,1.0
2022-02-02,36.76,37.42,36.32,37.27,36.7435397748928,1019848,0.0000,1.0
2022-02-01,37.35,37.56,36.92,36.99,36.4674949362298,1161117,0.0000,1.0
2022-01-31,36.55,37.23,36.15,37.18,36.6548110767511,1105781,0.0000,1.0
2022-01-28,34.96,36.75,34.79,36.71,36.1914500975668,1269714,0.0000,1.0
2022-01-27,34.88,35.72,34.87,35.01,34.5154635771129,997018,0.0000,1.0
2022-01-26,35.94,36.24,34.55,34.87,34.3774411577813,1098129,0.0000,1.0
2022-01-25,35.64,36.03,34.97,35.88,35.3731743258157,845796,0.0000,1.0
2022-01-24,34.7,35.91,34.69,35.86,35.3534568373398,2306734,0.0000,1.0
2022-01-21,35.1,35.53,34.62,34.82,34.3281474365915,933631,0.0000,1.0
2022-01-20,36.48,37.12,35.26,35.27,34.7717909272999,924062,0.0000,1.0
2022-01-19,36.87,37.21,36.28,36.48,35.9646989800936,876944,0.0000,1.0
2022-01-18,37.7,38.085,36.52,36.7,36.1815913533288,1021110,0.0000,1.0
2022-01-14,36.71,37.76,36.515,37.7,37.1674657771252,1144891,0.0000,1.0
2022-01-13,36.29,37.16,36.23,36.84,36.3196137726603,1195984,0.0000,1.0
2022-01-12,35.94,36.335,35.891,36.22,35.7083716299065,622382,0.0000,1.0
2022-01-11,36.05,36.38,35.63,35.86,35.3534568373398,652291,0.0000,1.0
2022-01-10,36.15,36.345,35.545,35.97,35.4619030239574,1492085,0.0000,1.0
2022-01-07,35.48,36.22,35.48,36.0,35.4914792566713,1167392,0.0000,1.0
2022-01-06,34.94,35.91,34.89,35.48,34.9788245562972,1162830,0.0000,1.0
2022-01-05,35.14,35.6,34.68,34.76,34.2689949711637,1028325,0.0000,1.0
2022-01-04,35.19,35.63,35.06,35.13,34.6337685079684,1296510,0.0000,1.0
2022-01-03,34.42,35.33,34.31,34.99,34.4957460886369,1100828,0.0000,1.0
2021-12-31,34.835,34.87,34.24,34.27,33.7859165035035,785229,0.0000,1.0
2021-12-30,34.48,34.99,34.435,34.75,34.2591362269258,457239,0.0000,1.0
2021-12-29,34.72,34.88,34.22,34.38,33.8943626901211,724841,0.0000,1.0
2021-12-28,34.58,34.93,34.58,34.77,34.2788537154017,383761,0.0000,1.0
2021-12-27,34.56,34.62,34.04,34.62,34.1309725518322,472055,0.0000,1.0
2021-12-23,34.25,34.67,34.23,34.51,34.0225263652146,784722,0.0000,1.0
2021-12-22,34.09,34.27,33.83,34.13,33.647894084172,883162,0.0000,1.0
2021-12-21,34.1,34.795,33.82,34.21,33.7267640380757,1101229,0.0000,1.0
2021-12-20,33.93,34.07,33.28,33.82,33.3422730127951,1523337,0.0000,1.0
2021-12-17,34.56,35.14,33.99,34.22,33.7366227823137,13993193,0.0000,1.0
2021-12-16,33.88,34.48,33.73,34.32,33.8352102246933,1724751,0.0000,1.0
2021-12-15,33.47,33.81,32.85,33.73,33.2535443146534,2143846,0.0000,1.0
2021-12-14,33.67,34.045,33.3,33.47,32.9972169644664,1948364,0.0000,1.0
2021-12-13,33.94,34.13,33.28,33.8,33.3225555243192,1813774,0.0000,1.0
2021-12-10,34.35,34.39,33.82,34.24,33.7563402707896,1360645,0.0000,1.0
2021-12-09,34.01,34.64,33.96,34.15,33.6676115726479,891311,0.0000,1.0
2021-12-08,34.09,34.73,34.01,34.28,33.7957752477415,1169917,0.0000,1.0
2021-12-07,34.1,34.64,33.86,33.95,33.4704366878886,961047,0.0000,1.0
2021-12-06,33.97,34.37,33.77,33.92,33.4408604551748,1094252,0.0000,1.0
2021-12-03,32.92,33.58,32.92,33.54,33.0662281741321,1145163,0.0000,1.0
2021-12-02,32.38,33.18,32.11,32.91,32.4451272871404,1145940,0.0000,1.0
2021-12-01,33.92,34.26,32.19,32.22,31.7648739347208,1440884,0.0000,1.0
2021-11-30,34.33,34.455,33.335,33.6,33.1253806395599,2355034,0.0000,1.0
2021-11-29,35.27,35.27,34.4,34.49,34.0028088767387,802077,0.0000,1.0
2021-11-26,35.13,35.24,34.56,35.07,34.5746160425406,779971,0.0000,1.0
2021-11-24,36.08,36.135,35.66,35.88,35.3731743258157,1091551,0.0000,1.0
2021-11-23,36.36,36.71,36.06,36.35,35.8365353050001,1132094,0.0000,1.0
2021-11-22,36.36,36.47,35.9301,36.07,35.5604904663371,1093135,0.0000,1.0
2021-11-19,36.72,36.9,36.12,36.32,35.8069590722862,1206737,0.0000,1.0
2021-11-18,37.49,37.66,36.88,36.92,36.398483726564,1054272,0.0000,1.0
2021-11-17,37.61,37.74,37.28,37.54,37.0097258693178,749263,0.0000,1.0
2021-11-16,38.44,38.44,37.58,37.61,37.0787370789836,779877,0.0000,1.0
2021-11-15,38.17,38.93,38.17,38.42,37.8772953622587,736502,0.0000,1.0
2021-11-12,37.93,38.51,37.93,38.15,37.6111092678336,814254,0.0000,1.0
2021-11-11,37.6,38.39,37.25,38.22,37.6801204774994,851879,0.0000,1.0
2021-11-10,37.81,38.5,37.64,37.81,37.2759119637428,560996,0.0000,1.0
2021-11-09,37.92,38.2,37.56,37.7,37.1674657771252,799115,0.0000,1.0
2021-11-08,38.8,38.91,37.49,37.9,37.3646406618845,1565842,0.0000,1.0
2021-11-05,38.81,39.54,38.35,38.61,38.06461150278,872586,0.0000,1.0
2021-11-04,38.64,38.64,36.85,38.42,37.8772953622587,1380219,0.0000,1.0
2021-11-03,38.4,39.1,37.78,38.63,38.0843289912559,1252483,0.0000,1.0
2021-11-02,38.12,38.82,37.95,38.68,38.1336227124457,935748,0.0000,1.0
2021-11-01,37.06,38.26,37.06,38.18,37.6406855005475,760087,0.0000,1.0
2021-10-29,37.96,37.96,36.515,36.96,36.4379187035159,2311779,0.0000,1.0
2021-10-28,37.51,37.96,37.4,37.93,37.3942168945984,1181000,0.0000,1.0
2021-10-27,38.71,38.74,37.44,37.48,36.95057340389,795089,0.0000,1.0
2021-10-26,39.0,39.13,38.59,38.72,38.1730576893976,925229,0.0000,1.0
2021-10-25,39.715,39.73,38.85,38.93,38.3800913183948,456008,0.0000,1.0
2021-10-22,39.54,39.68,39.23,39.52,38.9617572284347,631181,0.0000,1.0
2021-10-21,40.15,40.39,39.5,39.64,39.0800621592903,494919,0.0000,1.0
2021-10-20,39.76,40.51,39.7,40.2,39.6321518366163,532380,0.0000,1.0
2021-10-19,39.23,39.95,39.04,39.93,39.3659657421913,663853,0.0000,1.0
2021-10-18,38.83,39.26,38.71,39.09,38.5378312262023,963774,0.0000,1.0
2021-10-15,39.46,39.67,38.85,38.97,38.4195262953467,1134962,0.0000,1.0
2021-10-14,39.39,39.64,39.05,39.41,38.8533110418171,857913,0.0000,1.0
2021-10-13,38.96,39.34,38.85,39.11,38.5575487146782,773015,0.0000,1.0
2021-10-12,38.86,39.26,38.57,38.82,38.2716451317772,512638,0.0000,1.0
2021-10-11,39.08,39.38,38.88,38.9,38.3505150856809,438923,0.0000,1.0
2021-10-08,39.0,39.87,38.9875,39.08,38.5279724819643,989944,0.0000,1.0
2021-10-07,38.71,39.24,38.52,38.84,38.2913626202532,982921,0.0000,1.0
2021-10-06,38.32,38.52,37.88,38.36,37.8181428968309,940859,0.0000,1.0
2021-10-05,38.37,38.86,38.26,38.63,38.0843289912559,802775,0.0000,1.0
2021-10-04,37.66,38.4,37.66,38.25,37.7096967102133,1091990,0.0000,1.0
2021-10-01,37.53,37.95,37.11,37.68,37.1477482886493,847250,0.0000,1.0
2021-09-30,37.61,38.04,37.1,37.12,36.5956586113233,1478836,0.0000,1.0
2021-09-29,36.84,37.33,36.6289,37.25,36.7238222864168,788386,0.0000,1.0
2021-09-28,36.85,37.37,36.76,36.86,36.3393312611362,1076341,0.0000,1.0
2021-09-27,36.24,37.2,36.23,36.93,36.408342470802,912690,0.0000,1.0
2021-09-24,35.5,36.56,35.5,36.31,35.7971003280482,812426,0.0000,1.0
2021-09-23,35.39,36.12,35.39,35.68,35.1759994410565,801550,0.0000,1.0
2021-09-22,34.71,35.84,34.71,35.42,34.9196720908694,947725,0.0000,1.0
2021-09-21,34.73,35.17,34.24,34.48,33.9929501325007,1097904,0.0000,1.0
2021-09-20,34.9,34.9,33.98,34.53,34.0422438536906,1016939,0.0000,1.0
2021-09-17,34.63,35.58,34.6,35.1,34.6041922752545,2712219,0.0000,1.0
2021-09-16,34.05,34.85,33.87,34.69,34.199983761498,980794,0.0000,1.0
2021-09-15,32.78,34.17,32.64,34.06,33.5788828745062,1097365,0.0000,1.0
2021-09-14,33.9,33.9,32.78,32.84,32.3761160774746,879944,0.0000,1.0
2021-09-13,33.58,33.88,33.34,33.73,33.2535443146534,919233,0.0000,1.0
2021-09-10,33.71,33.8499,33.17,33.3,32.829618312421,698610,0.0000,1.0
2021-09-09,33.36,33.78,33.14,33.67,33.1943918492256,1000015,0.0000,1.0
2021-09-08,33.95,34.35,33.29,33.3,32.829618312421,962795,0.0000,1.0
2021-09-07,34.0,34.42,33.83,34.04,33.5591653860303,1172905,0.0000,1.0
2021-09-03,34.35,34.43,33.83,34.13,33.647894084172,752659,0.0000,1.0
2021-09-02,34.39,34.69,34.24,34.52,34.0323851094526,907714,0.0000,1.0
2021-09-01,34.66,34.77,34.16,34.24,33.7563402707896,1067643,0.0000,1.0
2021-08-31,34.09,34.8,34.07,34.63,34.1408312960702,1145507,0.2400,1.0
2021-08-30,34.52,34.57,34.13,34.32,33.6023323797284,565075,0.0000,1.0
2021-08-27,33.82,34.58,33.82,34.53,33.8079410568771,527346,0.0000,1.0
2021-08-26,34.24,34.45,34.0,34.0,33.2890239193114,718495,0.0000,1.0
2021-08-25,34.29,34.6,34.0,34.29,33.5729597115643,622189,0.0000,1.0
2021-08-24,34.29,34.53,34.13,34.24,33.5240052646242,612522,0.0000,1.0
2021-08-23,34.1,34.44,33.95,34.32,33.6023323797284,655133,0.0000,1.0
2021-08-20,33.3,34.15,33.27,34.01,33.2988148086994,554512,0.0000,1.0
2021-08-19,33.73,33.83,33.25,33.46,32.7603158923576,599389,0.0000,1.0
2021-08-18,34.0,34.7,33.78,33.81,33.1029970209387,778616,0.0000,1.0
2021-08-17,33.77,34.25,33.68,34.08,33.3673510344156,508460,0.0000,1.0
2021-08-16,33.95,34.41,33.59,34.25,33.5337961540122,665213,0.0000,1.0
2021-08-13,34.29,34.485,34.01,34.07,33.3575601450276,856560,0.0000,1.0
2021-08-12,34.47,34.61,33.88,34.15,33.4358872601319,912997,0.0000,1.0
2021-08-11,34.03,34.62,33.8,34.54,33.8177319462651,2133815,0.0000,1.0
2021-08-10,33.45,34.1,33.24,34.0,33.2890239193114,1240055,0.0000,1.0
2021-08-09,33.61,33.66,33.32,33.5,32.7994794499097,1183375,0.0000,1.0
2021-08-06,34.23,34.51,33.67,33.74,33.0344607952225,1236505,0.0000,1.0
2021-08-05,33.38,34.86,33.18,34.29,33.5729597115643,2500707,0.0000,1.0
2021-08-04,32.67,33.03,32.38,32.64,31.9574629625389,893795,0.0000,1.0
2021-08-03,33.38,33.38,31.87,32.82,32.1336989715235,968953,0.0000,1.0
2021-08-02,33.29,33.54,33.23,33.29,32.593870772761,912941,0.0000,1.0
2021-07-30,33.67,33.825,33.14,33.24,32.5449163258209,1921152,0.0000,1.0
2021-07-29,34.16,34.595,33.92,33.94,33.2302785829832,1312888,0.0000,1.0
2021-07-28,33.97,34.32,33.32,34.02,33.3086056980874,951712,0.0000,1.0
2021-07-27,34.12,34.28,33.85,33.96,33.2498603617592,694260,0.0000,1.0
2021-07-26,33.79,34.62,33.79,34.32,33.6023323797284,815017,0.0000,1.0
2021-07-23,33.83,34.09,33.52,34.01,33.2988148086994,515191,0.0000,1.0
2021-07-22,33.95,33.95,33.1799,33.75,33.0442516846105,774822,0.0000,1.0
2021-07-21,32.87,34.16,32.78,33.88,33.171533246655,1705217,0.0000,1.0
2021-07-20,32.6,33.0,32.37,32.87,32.1826534184637,2184657,0.0000,1.0
2021-07-19,33.12,33.19,32.4,32.6,31.9182994049868,2828256,0.0000,1.0
2021-07-16,33.88,33.95,33.31,33.37,32.6721978878653,1377957,0.0000,1.0
2021-07-15,34.21,34.57,33.77,33.88,33.171533246655,1279483,0.0000,1.0
2021-07-14,33.96,34.49,33.96,34.38,33.6610777160566,659593,0.0000,1.0
2021-07-13,34.975,34.98,33.91,33.97,33.2596512511473,1134371,0.0000,1.0
2021-07-12,34.41,34.91,34.03,34.9,34.1702039642343,721937,0.0000,1.0
2021-07-09,33.8,34.63,33.75,34.51,33.788359278101,790231,0.0000,1.0
2021-07-08,34.38,34.38,33.58,33.81,33.1029970209387,906010,0.0000,1.0
2021-07-07,34.68,35.0,34.2,34.5,33.778568388713,1004561,0.0000,1.0
2021-07-06,35.23,35.49,34.005,34.73,34.0037588446378,1182438,0.0000,1.0
2021-07-02,35.71,35.71,35.23,35.37,34.6303757654718,529194,0.0000,1.0
2021-07-01,35.27,35.86,34.97,35.56,34.8164026638445,815819,0.0000,1.0
2021-06-30,35.19,35.25,34.73,35.2,34.4639306458753,865614,0.0000,1.0
2021-06-29,35.7,35.96,34.975,35.04,34.3072764156668,1109300,0.0000,1.0
2021-06-28,36.55,36.73,36.03,36.2,35.4430195846786,827420,0.0000,1.0
2021-06-25,36.29,36.89,36.1603,36.39,35.6290464830512,1261777,0.0000,1.0
2021-06-24,35.79,36.43,35.73,36.28,35.5213466997828,1118071,0.0000,1.0
2021-06-23,35.69,36.035,35.59,35.7,34.9534751152769,1284816,0.0000,1.0
2021-06-22,35.79,35.93,35.18,35.74,34.9926386728291,1313533,0.0000,1.0
2021-06-21,36.01,36.28,35.66,35.77,35.0220113409932,858216,0.0000,1.0
2021-06-18,35.28,36.21,35.23,35.78,35.0318022303812,2115383,0.0000,1.0
2021-06-17,35.9,36.24,35.35,35.44,34.6989119911881,927410,0.0000,1.0
2021-06-16,35.92,36.18,35.63,35.93,35.1786655712017,849154,0.0000,1.0
2021-06-15,36.07,36.38,35.72,35.98,35.2276200181418,813769,0.0000,1.0
2021-06-14,36.25,36.37,35.65,35.96,35.2080382393658,808569,0.0000,1.0
2021-06-11,35.91,36.24,35.85,36.2,35.4430195846786,591460,0.0000,1.0
2021-06-10,36.01,36.26,35.73,35.86,35.1101293454855,622052,0.0000,1.0
2021-06-09,35.62,36.42,35.47,36.03,35.276574465082,1105188,0.0000,1.0
2021-06-08,35.56,35.65,34.95,35.16,34.4247670883232,1170978,0.0000,1.0
2021-06-07,35.68,36.0,35.38,35.6,34.8555662213966,686297,0.0000,1.0
2021-06-04,35.23,35.8,35.1,35.67,34.9241024471128,1054151,0.0000,1.0
2021-06-03,35.58,35.8,34.775,35.16,34.4247670883232,1456194,0.0000,1.0
2021-06-02,36.09,36.23,35.36,35.59,34.8457753320086,1409189,0.0000,1.0
2021-06-01,36.6,36.655,35.95,35.99,35.2374109075299,1011881,0.0000,1.0
2021-05-28,37.02,37.02,35.98,36.28,35.5213466997828,981402,0.0000,1.0
2021-05-27,36.44,37.05,36.3,36.81,36.0402638373486,2762890,0.0000,1.0
2021-05-26,35.91,36.77,35.74,36.16,35.4038560271264,1217340,0.0000,1.0
2021-05-25,36.48,36.74,35.78,35.9,35.1492929030376,1036574,0.0000,1.0
2021-05-24,36.38,36.78,36.01,36.31,35.5507193679469,748764,0.0000,1.0
2021-05-21,36.22,36.65,36.07,36.38,35.6192555936632,849261,0.0000,1.0
2021-05-20,36.15,36.58,36.04,36.14,35.3842742483504,919556,0.0000,1.0
2021-05-19,35.99,36.43,35.77,36.22,35.4626013634546,1070435,0.0000,1.0
2021-05-18,35.98,36.8,35.98,36.32,35.560510257335,938938,0.0000,1.0
2021-05-17,36.63,37.1,35.82,35.84,35.0905475667094,1283096,0.0000,1.0
2021-05-14,36.96,37.105,36.2071,36.27,35.5115558103948,1364040,0.0000,1.0
2021-05-13,36.46,37.51,36.44,37.07,36.2948269614374,1036715,0.0000,1.0
2021-05-12,37.41,37.67,36.39,36.49,35.7269553769315,1203059,0.0000,1.0
2021-05-11,37.05,37.46,36.81,37.39,36.6081354218545,1041339,0.0000,1.0
2021-05-10,37.26,37.84,36.9112,37.25,36.471062970422,1087548,0.0000,1.0
2021-05-07,36.76,37.46,36.5221,37.17,36.3927358553178,1049933,0.0000,1.0
2021-05-06,35.86,37.36,35.78,36.7,35.9325640540802,791163,0.0000,1.0
2021-05-05,35.6859,35.9,35.35,35.54,34.7968208850684,1024252,0.0000,1.0
2021-05-04,35.86,36.15,35.31,35.8,35.0513840091573,890315,0.0000,1.0
2021-05-03,36.63,36.72,35.76,35.78,35.0318022303812,890540,0.0000,1.0
2021-04-30,36.82,36.83,36.19,36.38,35.6192555936632,840091,0.0000,1.0
2021-04-29,37.08,37.26,36.56,36.83,36.0598456161246,876658,0.0000,1.0
2021-04-28,37.23,37.23,36.59,36.88,36.1088000630648,771478,0.0000,1.0
2021-04-27,37.1,37.48,36.84,37.25,36.471062970422,727553,0.0000,1.0
2021-04-26,37.37,37.49,36.685,37.07,36.2948269614374,856890,0.0000,1.0
2021-04-23,37.12,37.6458,37.08,37.34,36.5591809749143,781278,0.0000,1.0
2021-04-22,37.41,37.74,36.91,37.1,36.3241996296015,1734353,0.0000,1.0
2021-04-21,36.65,37.59,36.35,37.36,36.5787627536904,1636620,0.0000,1.0
2021-04-20,36.63,37.11,36.31,36.65,35.88360960714,1092411,0.0000,1.0
2021-04-19,36.59,36.98,36.285,36.59,35.8248642708119,897480,0.0000,1.0
2021-04-16,36.8973,37.24,36.52,36.72,35.9521458328563,910004,0.0000,1.0
2021-04-15,36.52,37.28,36.27,36.77,36.0011002797964,1054482,0.0000,1.0
2021-04-14,36.06,36.79,35.9,36.15,35.3940651377384,1512387,0.0000,1.0
2021-04-13,35.98,36.79,35.895,36.35,35.5898829254991,1279437,0.0000,1.0
2021-04-12,36.5,36.73,35.97,36.1,35.3451106907982,1118497,0.0000,1.0
2021-04-09,35.73,36.19,35.31,36.08,35.3255289120222,651650,0.0000,1.0
2021-04-08,35.9,36.19,35.21,35.63,34.8849388895607,1366175,0.0000,1.0
2021-04-07,36.05,36.54,35.65,35.91,35.1590837924256,1129683,0.0000,1.0
2021-04-06,34.77,36.07,34.77,35.77,35.0220113409932,1090762,0.0000,1.0
2021-04-05,35.35,35.41,34.31,35.13,34.3953944201591,1246634,0.0000,1.0
2021-04-01,35.18,35.42,34.55,35.0,34.2681128581146,2378458,0.0000,1.0
2021-03-31,36.13,36.13,34.862,34.93,34.1995766323984,2810380,0.0000,1.0
2021-03-30,35.83,36.46,35.38,35.84,35.0905475667094,1542412,0.0000,1.0
2021-03-29,36.25,36.51,35.37,35.82,35.0709657879333,1729015,0.0000,1.0
2021-03-26,38.46,38.48,33.96,36.17,35.4136469165145,3864122,0.0000,1.0
2021-03-25,37.9397,38.96,37.75,38.42,37.6165970288218,1630967,0.0000,1.0
2021-03-24,39.28,39.51,37.9,37.95,37.1564252275843,1594419,0.0000,1.0
2021-03-23,40.8,40.95,39.17,39.21,38.3900772904764,1358955,0.0000,1.0
2021-03-22,40.605,41.33,40.035,41.15,40.2895098317548,999812,0.0000,1.0
2021-03-19,40.36,40.94,40.03,40.35,39.5062386807122,2431275,0.0000,1.0
2021-03-18,40.1,41.26,39.945,40.4,39.5551931276523,1206824,0.0000,1.0
2021-03-17,41.3,41.42,39.25,40.45,39.6041475745925,1432947,0.0000,1.0
2021-03-16,40.88,42.14,40.55,41.44,40.5734456240077,1527511,0.0000,1.0
2021-03-15,40.35,40.74,39.62,40.1,39.2614664460113,944717,0.0000,1.0
2021-03-12,39.46,40.385,39.39,40.0,39.163557552131,1108525,0.0000,1.0
2021-03-11,38.64,40.07,38.6,39.41,38.5858950782371,972640,0.0000,1.0
2021-03-10,38.52,39.27,38.09,38.96,38.1453050557756,1154105,0.0000,1.0
2021-03-09,39.88,39.88,37.9,38.24,37.4403610198373,1608796,0.2300,1.0
2021-03-08,38.82,40.26,38.16,40.02,38.948875695708,1362367,0.0000,1.0
2021-03-05,37.7085,39.14,36.7901,39.04,37.9951051264478,2462699,0.0000,1.0
2021-03-04,37.07,37.92,35.71,36.71,35.7274669362679,2013874,0.0000,1.0
2021-03-03,36.07,38.25,35.73,37.09,36.0972963406749,2928112,0.0000,1.0
2021-03-02,33.32,36.71,33.07,36.05,35.0851316549294,3052446,0.0000,1.0
2021-03-01,32.18,33.65,32.1,33.39,32.4963258240802,989291,0.0000,1.0
2021-02-26,31.6,32.45,31.44,31.93,31.0754023229374,1289967,0.0000,1.0
2021-02-25,32.85,33.22,31.49,31.75,30.9002199734815,1069510,0.0000,1.0
2021-02-24,32.4,32.82,32.085,32.74,31.8637228954893,797611,0.0000,1.0
2021-02-23,33.48,33.98,32.38,32.87,31.9902434812075,1117395,0.0000,1.0
2021-02-22,32.28,33.845,32.28,33.39,32.4963258240802,1269824,0.0000,1.0
2021-02-19,31.15,32.55,31.15,32.37,31.5036258438298,1281605,0.0000,1.0
2021-02-18,30.65,31.25,30.6,31.06,30.2286876339003,1023177,0.0000,1.0
2021-02-17,30.57,30.95,30.45,30.66,29.8393935239982,469710,0.0000,1.0
2021-02-16,31.51,31.67,30.61,30.65,29.8296611712506,965223,0.0000,1.0
2021-02-12,30.67,31.69,30.61,31.45,30.6082493910549,1003210,0.0000,1.0
2021-02-11,30.45,30.96,30.265,30.75,29.9269846987262,922831,0.0000,1.0
2021-02-10,29.85,30.78,29.47,30.51,29.6934082327849,1826316,0.0000,1.0
2021-02-09,31.97,31.97,29.609,29.69,28.8953553074855,1771895,0.0000,1.0
2021-02-08,30.55,31.59,30.38,31.55,30.7055729185304,1600578,0.0000,1.0
2021-02-05,29.38,30.55,29.08,30.31,29.4987611778338,1327673,0.0000,1.0
2021-02-04,29.29,29.81,28.975,29.33,28.5449906085736,2012044,0.0000,1.0
2021-02-03,29.44,29.755,29.07,29.15,28.3698082591177,2419297,0.0000,1.0
2021-02-02,30.76,30.93,29.295,29.55,28.7591023690198,1438979,0.0000,1.0
2021-02-01,29.86,30.84,29.66,30.65,29.8296611712506,1179509,0.0000,1.0
2021-01-29,30.31,31.25,29.76,29.89,29.0900023624366,1688187,0.0000,1.0
2021-01-28,32.215,32.98,30.54,30.62,29.800464113008,2687156,0.0000,1.0
2021-01-27,33.4,36.96,32.35,32.47,31.6009493713053,6830752,0.0000,1.0
2021-01-26,30.94,33.59,30.92,33.4,32.5060581768278,3088589,0.0000,1.0
2021-01-25,29.18,30.8,29.17,30.68,29.8588582294933,4717159,0.0000,1.0
2021-01-22,29.76,29.76,28.94,29.17,28.3892729646128,1595694,0.0000,1.0
2021-01-21,29.82,30.21,29.72,29.85,29.0510729514464,2285658,0.0000,1.0
2021-01-20,29.25,30.275,29.24,29.94,29.1386641261744,2704353,0.0000,1.0
2021-01-19,30.37,30.39,29.12,29.17,28.3892729646128,1807473,0.0000,1.0
2021-01-15,30.2,30.66,29.87,30.39,29.5766199998143,3611794,0.0000,1.0
2021-01-14,29.35,30.55,29.05,30.34,29.5279582360765,5169122,0.0000,1.0
2021-01-13,28.99,29.39,28.67,29.31,28.5255259030785,1304446,0.0000,1.0
2021-01-12,29.67,29.89,29.03,29.18,28.3990053173603,1251113,0.0000,1.0
2021-01-11,29.34,29.93,29.24,29.7,28.9050876602331,1206998,0.0000,1.0
2021-01-08,30.23,30.4,29.15,29.62,28.8272288382527,1838676,0.0000,1.0
2021-01-07,31.02,31.41,30.2,30.23,29.4209023558534,2343476,0.0000,1.0
2021-01-06,29.41,31.6,29.41,31.46,30.6179817438024,1768026,0.0000,1.0
2021-01-05,28.45,29.17,28.39,29.015,28.2384214970257,833679,0.0000,1.0
2021-01-04,29.01,29.38,28.15,28.41,27.6496141557987,1237057,0.0000,1.0
2020-12-31,28.7,29.02,28.66,28.88,28.1070347349337,650442,0.0000,1.0
2020-12-30,28.95,29.23,28.7,28.7,27.9318523854778,756328,0.0000,1.0
2020-12-29,29.04,29.05,28.625,28.785,28.014577383832,694458,0.0000,1.0
2020-12-28,28.13,28.98,28.0,28.88,28.1070347349337,917654,0.0000,1.0
2020-12-24,27.75,28.13,27.75,28.0,27.250587693149,475955,0.0000,1.0
2020-12-23,27.085,27.84,27.03,27.75,27.0072788744602,1062972,0.0000,1.0
2020-12-22,27.31,27.44,26.89,26.98,26.2578877128986,1208441,0.0000,1.0
2020-12-21,27.47,27.59,27.02,27.39,26.6569141755483,1257905,0.0000,1.0
2020-12-18,28.1,28.42,27.64,27.79,27.0462082854504,2945776,0.0000,1.0
2020-12-17,28.3,28.31,27.57,28.16,27.4063053371099,2069157,0.0000,1.0
2020-12-16,28.26,28.44,28.0,28.11,27.3576435733721,976628,0.0000,1.0
2020-12-15,28.47,28.49,27.62,28.21,27.4549671008477,1245260,0.0000,1.0
2020-12-14,29.09,29.19,28.32,28.34,27.5814876865658,1087270,0.0000,1.0
2020-12-11,28.42,28.77,28.17,28.72,27.9513170909729,1453497,0.0000,1.0
2020-12-10,28.46,28.79,28.35,28.685,27.9172538563564,981133,0.0000,1.0
2020-12-09,29.05,29.16,28.58,28.73,27.9610494437204,1601749,0.0000,1.0
2020-12-08,29.22,29.37,28.76,28.895,28.121633264055,1575630,0.0000,1.0
2020-12-07,29.01,29.44,28.92,29.31,28.5255259030785,2001114,0.0000,1.0
2020-12-04,30.02,30.02,29.19,29.255,28.471997962967,1831129,0.0000,1.0
2020-12-03,30.1,30.41,29.7,29.77,28.973214129466,1142047,0.0000,1.0
2020-12-02,29.71,30.07,29.26,30.05,29.2457200063974,1101137,0.0000,1.0
2020-12-01,28.65,30.04,28.58,29.7,28.9050876602331,1400252,0.0000,1.0
2020-11-30,28.52,28.805,28.29,28.38,27.6204170975561,2144813,0.0000,1.0
2020-11-27,28.88,29.09,28.66,28.73,27.9610494437204,506019,0.0000,1.0
2020-11-25,28.98,29.0,28.65,28.96,28.1848935569141,806417,0.0000,1.0
2020-11-24,28.36,29.39,28.17,29.21,28.428202375603,1579729,0.0000,1.0
2020-11-23,27.46,28.245,27.4,28.04,27.2895171041392,1022473,0.0000,1.0
2020-11-20,27.24,27.58,27.07,27.44,26.705575939286,1248344,0.0000,1.0
2020-11-19,27.01,27.485,26.95,27.27,26.5401259425776,1004983,0.0000,1.0
2020-11-18,27.67,27.756,27.13,27.13,26.4038730041119,1782257,0.0000,1.0
2020-11-17,26.54,27.72,26.21,27.65,26.9099553469847,1601454,0.0000,1.0
2020-11-16,26.55,27.245,26.42,26.75,26.0340435997049,2095110,0.0000,1.0
2020-11-13,25.43,26.375,25.43,26.21,25.508496551337,3104234,0.0000,1.0
2020-11-12,26.91,26.96,25.265,25.45,24.768837742523,2251780,0.0000,1.0
2020-11-11,26.74,27.26,26.39,27.15,26.423337709607,1216882,0.0000,1.0
2020-11-10,25.82,26.93,25.76,26.7,25.9853818359671,1559917,0.0000,1.0
2020-11-09,26.7,27.35,25.85,26.19,25.4890318458419,2287750,0.0000,1.0
2020-11-06,26.245,26.33,25.38,25.605,24.91968921011,1400001,0.0000,1.0
2020-11-05,25.67,26.42,25.28,26.37,25.6642141952979,1280427,0.0000,1.0
2020-11-04,27.16,27.16,25.11,25.43,24.7493730370279,2861915,0.0000,1.0
2020-11-03,28.29,28.86,26.2,26.7,25.9853818359671,1454950,0.0000,1.0
2020-11-02,26.44,27.0,25.98,26.89,26.1702965381706,2505065,0.0000,1.0
2020-10-30,25.28,26.16,25.28,26.14,25.4403700821041,2209231,0.0000,1.0
2020-10-29,24.9,25.54,24.81,25.39,24.7104436260376,1609509,0.0000,1.0
2020-10-28,25.55,25.83,24.975,25.02,24.3503465743782,2046114,0.0000,1.0
2020-10-27,26.1,26.19,25.875,25.995,25.2992509672646,1178758,0.0000,1.0
2020-10-26,26.7,26.87,25.95,26.18,25.4792994930943,2529867,0.0000,1.0
2020-10-23,27.32,27.565,26.685,26.935,26.2140921255346,1763239,0.0000,1.0
2020-10-22,26.74,27.63,26.74,27.41,26.6763788810434,1829776,0.0000,1.0
2020-10-21,26.09,26.85,25.91,26.75,26.0340435997049,803356,0.0000,1.0
2020-10-20,26.54,26.54,26.09,26.18,25.4792994930943,1457582,0.0000,1.0
2020-10-19,27.19,27.25,26.2,26.25,25.5474259623272,833242,0.0000,1.0
2020-10-16,27.31,27.43,26.81,27.12,26.3941406513643,715432,0.0000,1.0
2020-10-15,26.92,27.23,26.62,27.2,26.4719994733448,992269,0.0000,1.0
2020-10-14,27.47,27.74,27.085,27.13,26.4038730041119,950443,0.0000,1.0
2020-10-13,29.08,29.08,27.43,27.47,26.7347729975287,1570134,0.0000,1.0
2020-10-12,29.43,29.5,28.96,29.13,28.3503435536225,1253100,0.0000,1.0
2020-10-09,29.91,30.04,29.16,29.2,28.4184700228554,926102,0.0000,1.0
2020-10-08,29.35,29.65,29.06,29.63,28.8369611910002,721695,0.0000,1.0
2020-10-07,28.68,29.28,28.34,29.11,28.3308788481274,1054793,0.0000,1.0
2020-10-06,28.97,29.18,28.01,28.12,27.3673759261197,1452392,0.0000,1.0
2020-10-05,28.42,28.95,28.19,28.89,28.1167670876813,601274,0.0000,1.0
2020-10-02,27.91,28.415,27.64,28.17,27.4160376898574,1110283,0.0000,1.0
2020-10-01,28.21,28.36,27.68,28.21,27.4549671008477,928934,0.0000,1.0
2020-09-30,27.95,28.61,27.65,27.97,27.2213906349064,1456043,0.0000,1.0
2020-09-29,27.94,28.0,27.26,27.82,27.0754053436931,908645,0.0000,1.0
2020-09-28,27.35,27.9,27.14,27.9,27.1532641656735,1044723,0.0000,1.0
2020-09-25,26.01,26.89,26.01,26.78,26.0632406579475,1040585,0.0000,1.0
2020-09-24,26.12,26.4389,25.61,26.22,25.5182289040846,922282,0.0000,1.0
2020-09-23,27.01,27.06,25.855,25.98,25.2846524381433,1276554,0.0000,1.0
2020-09-22,26.9,27.16,26.61,26.95,26.2286906546559,2052161,0.0000,1.0
2020-09-21,27.59,27.7,26.43,26.89,26.1702965381706,2101101,0.0000,1.0
2020-09-18,28.72,28.7249,27.62,28.0,27.250587693149,3251533,0.0000,1.0
2020-09-17,28.85,29.29,28.4,28.77,27.9999788547106,2262864,0.0000,1.0
2020-09-16,28.79,29.87,28.76,29.46,28.6715111942918,2141721,0.0000,1.0
2020-09-15,28.78,29.04,28.43,28.64,27.8734582689924,1101938,0.0000,1.0
2020-09-14,28.42,29.28,28.31,28.7,27.9318523854778,1281697,0.0000,1.0
2020-09-11,28.15,28.64,27.68,28.14,27.3868406316148,1245837,0.0000,1.0
2020-09-10,28.37,28.79,27.95,28.15,27.3965729843623,1913719,0.0000,1.0
2020-09-09,28.04,28.46,27.47,28.29,27.5328259228281,1888140,0.0000,1.0
2020-09-08,27.59,28.34,27.57,27.84,27.0948700491882,1595009,0.0000,1.0
2020-09-04,27.93,28.09,27.39,27.76,27.0170112272078,1433014,0.0000,1.0
2020-09-03,28.28,28.735,27.36,27.51,26.7737024085189,1804271,0.0000,1.0
2020-09-02,27.58,28.15,27.45,27.99,27.2408553404015,1138302,0.0000,1.0
2020-09-01,27.36,27.56,27.07,27.49,26.7542377030238,1343783,0.2300,1.0
2020-08-31,27.9,28.44,27.695,27.8,26.8314505102476,1509129,0.0000,1.0
2020-08-28,27.83,27.965,27.51,27.92,26.9472697210832,871273,0.0000,1.0
2020-08-27,27.43,27.84,27.33,27.64,26.6770248958001,980910,0.0000,1.0
2020-08-26,26.8,27.312,26.75,27.15,26.2040964515547,1192899,0.0000,1.0
2020-08-25,27.19,27.255,26.43,26.96,26.0207160343983,1205027,0.0000,1.0
2020-08-24,25.99,27.19,25.99,27.05,26.107580442525,1249997,0.0000,1.0
2020-08-21,25.78,26.055,25.62,26.01,25.1038139486165,906498,0.0000,1.0
2020-08-20,25.73,26.05,25.58,25.92,25.0169495404898,693056,0.0000,1.0
2020-08-19,25.78,26.24,25.75,25.92,25.0169495404898,793127,0.0000,1.0
2020-08-18,25.78,25.95,25.63,25.735,24.8383949237849,1051878,0.0000,1.0
2020-08-17,25.93,25.93,25.27,25.71,24.8142659215275,719763,0.0000,1.0
2020-08-14,25.67,26.09,25.41,25.82,24.9204335314601,819332,0.0000,1.0
2020-08-13,24.97,25.72,24.94,25.69,24.7949627197216,878144,0.0000,1.0
2020-08-12,25.17,25.37,24.82,25.21,24.3316858763792,1289217,0.0000,1.0
2020-08-11,24.93,25.72,24.87,24.94,24.0710926519991,1603121,0.0000,1.0
2020-08-10,24.9,25.05,24.4,24.68,23.8201510285219,1494532,0.0000,1.0
2020-08-07,24.94,25.17,24.46,24.89,24.0228346474842,1874573,0.0000,1.0
2020-08-06,24.9795,25.41,24.725,25.16,24.2834278718643,1575986,0.0000,1.0
2020-08-05,26.0,26.16,24.28,24.85,23.9842282438724,1923115,0.0000,1.0
2020-08-04,26.16,27.06,26.16,26.71,25.7794260118242,850555,0.0000,1.0
2020-08-03,25.87,26.32,25.43,26.25,25.3354523702877,826547,0.0000,1.0
2020-07-31,25.65,25.8,25.23,25.77,24.8721755269453,905337,0.0000,1.0
2020-07-30,25.46,26.01,25.26,25.88,24.9783431368779,644532,0.0000,1.0
2020-07-29,25.67,26.11,25.4205,25.92,25.0169495404898,695955,0.0000,1.0
2020-07-28,25.56,26.11,25.445,25.71,24.8142659215275,719780,0.0000,1.0
2020-07-27,26.38,26.54,25.438,25.69,24.7949627197216,1001228,0.0000,1.0
2020-07-24,26.48,27.2,26.18,26.49,25.5670907919589,864145,0.0000,1.0
2020-07-23,25.92,26.42,25.88,26.13,25.2196331594521,1029541,0.0000,1.0
2020-07-22,25.25,25.9,25.19,25.87,24.968691535975,999484,0.0000,1.0
2020-07-21,24.97,25.72,24.955,25.35,24.4668082890207,1150341,0.0000,1.0
2020-07-20,25.08,25.32,24.3,24.82,23.9552734411635,1497507,0.0000,1.0
2020-07-17,26.51,26.51,25.14,25.26,24.379943880894,2050289,0.0000,1.0
2020-07-16,25.95,26.54,25.89,26.395,25.4754005833807,977524,0.0000,1.0
2020-07-15,25.33,26.38,25.33,26.25,25.3354523702877,1449391,0.0000,1.0
2020-07-14,24.67,25.48,24.54,25.13,24.2544730691554,1522588,0.0000,1.0
2020-07-13,25.38,25.62,24.41,25.05,24.1772602619317,1655467,0.0000,1.0
2020-07-10,24.33,25.41,24.33,25.39,24.5054146926326,809592,0.0000,1.0
2020-07-09,25.28,25.36,24.03,24.451,23.599129367844,1099023,0.0000,1.0
2020-07-08,25.76,25.76,25.1,25.39,24.5054146926326,840911,0.0000,1.0
2020-07-07,26.26,26.3,25.71,25.77,24.8721755269453,1007555,0.0000,1.0
2020-07-06,26.94,27.073,26.2,26.53,25.6056971955708,905345,0.0000,1.0
2020-07-02,27.46,27.65,26.46,26.55,25.6250003973767,1232077,0.0000,1.0
2020-07-01,26.8,27.36,26.52,26.915,25.977283830335,1852388,0.0000,1.0
2020-06-30,26.76,26.9,26.44,26.84,25.9048968235627,1325594,0.0000,1.0
2020-06-29,25.99,26.84,25.6,26.79,25.8566388190479,1446020,0.0000,1.0
2020-06-26,26.62,26.62,25.4,25.75,24.8528723251394,2615718,0.0000,1.0
2020-06-25,26.75,26.82,26.125,26.75,25.818032415436,1739657,0.0000,1.0
2020-06-24,27.39,27.59,26.46,27.01,26.0689740389132,1221045,0.0000,1.0
2020-06-23,27.86,28.36,27.78,27.81,26.8411021111505,1278909,0.0000,1.0
2020-06-22,27.55,27.77,27.17,27.6,26.6384184921882,1488117,0.0000,1.0
2020-06-19,29.15,29.49,27.8,27.82,26.8507537120535,2375043,0.0000,1.0
2020-06-18,27.57,28.69,27.48,28.66,27.6614881879027,1398942,0.0000,1.0
2020-06-17,28.0,28.1,27.54,27.76,26.7928441066357,1861154,0.0000,1.0
2020-06-16,29.7,30.02,27.715,28.02,27.0437857301128,1559377,0.0000,1.0
2020-06-15,26.97,29.36,26.861,28.86,27.854520205962,1310565,0.0000,1.0
2020-06-12,28.38,28.62,27.28,27.95,26.9762245237921,1495456,0.0000,1.0
2020-06-11,28.71,28.78,27.51,27.62,26.6577216939942,1697531,0.0000,1.0
2020-06-10,30.13,30.25,29.12,29.73,28.6942094845201,1454389,0.0000,1.0
2020-06-09,31.27,31.36,30.26,30.33,29.2733055386981,1187420,0.0000,1.0
2020-06-08,30.39,32.05,30.39,31.68,30.5762716605986,2308833,0.0000,1.0
2020-06-05,30.96,31.51,30.12,30.25,29.1960927314744,1659266,0.0000,1.0
2020-06-04,30.03,30.43,29.58,29.945,28.9017189039339,1132039,0.0000,1.0
2020-06-03,29.21,30.59,29.21,30.22,29.1671379287655,1326854,0.0000,1.0
2020-06-02,29.18,29.36,28.58,28.87,27.864171806865,827617,0.0000,1.0
2020-06-01,28.89,29.41,28.8,29.14,28.1247650312451,740725,0.0000,1.0
2020-05-29,28.56,28.93,28.07,28.78,27.7773073987383,1740199,0.0000,1.0
2020-05-28,29.42,29.62,28.53,28.66,27.6614881879027,937058,0.0000,1.0
2020-05-27,28.99,29.73,28.68,29.3,28.2791906456926,923832,0.0000,1.0
2020-05-26,28.4,28.77,28.08,28.59,27.5939269815819,855985,0.0000,1.0
2020-05-22,27.16,27.48,27.04,27.37,26.41643167142,739026,0.0000,1.0
2020-05-21,27.07,27.63,27.07,27.23,26.2813092587784,665780,0.0000,1.0
2020-05-20,27.04,27.76,27.03,27.37,26.41643167142,942036,0.0000,1.0
2020-05-19,26.72,27.48,26.46,26.94,26.0014128325924,741916,0.0000,1.0
2020-05-18,26.66,27.04,26.215,26.855,25.9193742249172,1144514,0.0000,1.0
2020-05-15,24.97,25.57,24.69,25.5,24.6115823025652,1056403,0.0000,1.0
2020-05-14,23.67,25.2,23.36,25.12,24.2448214682525,1753202,0.0000,1.0
2020-05-13,24.72,24.755,23.38,24.06,23.221751772538,1172572,0.0000,1.0
2020-05-12,25.59,25.76,24.89,24.89,24.0228346474842,995168,0.0000,1.0
2020-05-11,25.81,25.81,24.78,25.45,24.5633242980504,845322,0.0000,1.0
2020-05-08,25.62,25.95,25.32,25.73,24.8335691233334,949514,0.0000,1.0
2020-05-07,26.25,26.73,24.86,25.01,24.1386538583198,1810949,0.0000,1.0
2020-05-06,23.89,24.72,23.39,24.61,23.7525898222012,1949814,0.0000,1.0
2020-05-05,24.82,25.01,23.63,23.85,23.0190681535757,1413195,0.0000,1.0
2020-05-04,24.85,24.96,24.21,24.63,23.7718930240071,1180126,0.0000,1.0
2020-05-01,25.0,25.38,24.67,25.02,24.1483054592228,803062,0.0000,1.0
2020-04-30,27.4,27.4,25.175,25.56,24.669491907983,1787943,0.0000,1.0
2020-04-29,27.73,28.24,27.69,27.95,26.9762245237921,1215529,0.0000,1.0
2020-04-28,26.65,27.71,26.5,26.97,26.0303676353013,1157933,0.0000,1.0
2020-04-27,24.83,26.24,24.78,26.01,25.1038139486165,1128176,0.0000,1.0
2020-04-24,24.48,24.675,24.13,24.52,23.6657254140745,1422954,0.0000,1.0
2020-04-23,24.63,25.1,23.91,24.45,23.5981642077537,1511996,0.0000,1.0
2020-04-22,25.68,25.88,24.53,24.59,23.7332866203952,1501891,0.0000,1.0
2020-04-21,24.91,25.38,24.78,25.05,24.1772602619317,1442356,0.0000,1.0
2020-04-20,25.46,26.44,25.46,25.69,24.7949627197216,1896909,0.0000,1.0
2020-04-17,25.75,26.33,25.52,26.23,25.3161491684818,1085599,0.0000,1.0
2020-04-16,25.16,25.29,24.42,25.13,24.2544730691554,1872893,0.0000,1.0
2020-04-15,25.15,25.25,24.55,25.17,24.2930794727673,1167780,0.0000,1.0
2020-04-14,25.8,26.18,25.39,26.01,25.1038139486165,967093,0.0000,1.0
2020-04-13,25.46,25.51,24.32,25.4,24.5150662935355,1554546,0.0000,1.0
2020-04-09,25.92,26.56,25.17,25.64,24.7467047152067,1596297,0.0000,1.0
2020-04-08,25.04,26.03,25.0,25.82,24.9204335314601,1529145,0.0000,1.0
2020-04-07,25.69,26.44,24.9,24.97,24.100047454708,1670459,0.0000,1.0
2020-04-06,22.78,24.62,22.69,24.45,23.5981642077537,1489755,0.0000,1.0
2020-04-03,21.73,21.97,21.2,21.59,20.8378063495052,1208699,0.0000,1.0
2020-04-02,21.56,22.71,21.22,21.84,21.0790963720794,2515529,0.0000,1.0
2020-04-01,21.85,22.183,21.26,21.565,20.8136773472478,1584697,0.0000,1.0
2020-03-31,23.95,24.32,22.76,22.88,22.0828628659879,2087611,0.0000,1.0
2020-03-30,22.11,23.97,21.52,23.77,22.941855346352,1574965,0.0000,1.0
2020-03-27,23.71,23.95,21.95,22.04,21.2721283901387,1979843,0.0000,1.0
2020-03-26,23.46,24.78,23.46,24.6,23.7429382212982,2435400,0.0000,1.0
2020-03-25,21.65,24.54,21.26,23.34,22.5268365075244,3077522,0.0000,1.0
2020-03-24,20.82,21.73,20.17,21.65,20.895715954923,2434903,0.0000,1.0
2020-03-23,20.13,20.55,19.13,19.81,19.1198213887771,2577625,0.0000,1.0
2020-03-20,22.3,22.77,19.92,20.05,19.3514598104483,3236809,0.0000,1.0
2020-03-19,21.43,22.73,20.1,21.94,21.175612381109,2025502,0.0000,1.0
2020-03-18,22.54,23.26,20.64,21.41,20.6640775332518,3443461,0.0000,1.0
2020-03-17,23.5,24.44,22.17,23.79,22.9611585481579,3156972,0.0000,1.0
2020-03-16,23.3,24.38,22.68,23.19,22.3820624939799,3320633,0.0000,1.0
2020-03-13,26.4,27.78,24.243,25.38,24.4957630917296,2710384,0.0000,1.0
2020-03-12,26.55,26.66,24.29,25.56,24.669491907983,3106716,0.0000,1.0
2020-03-11,27.82,28.28,27.3,27.52,26.5612056849645,3077697,0.0000,1.0
2020-03-10,27.96,28.98,26.77,28.76,27.7580041969324,3554906,0.0000,1.0
2020-03-09,26.75,27.63,26.38,27.13,26.1847932497488,4129752,0.0000,1.0
2020-03-06,27.71,28.79,27.55,28.52,27.5263657752612,2821346,0.0000,1.0
2020-03-05,29.83,30.04,28.91,29.12,28.1054618294392,2206325,0.0000,1.0
2020-03-04,31.04,31.27,30.13,30.67,29.601459969399,2778676,0.0000,1.0
2020-03-03,31.19,32.28,30.34,30.71,29.6400663730109,4065571,0.2300,1.0
2020-03-02,30.48,31.79,30.07,31.79,30.454353910731,2871340,0.0000,1.0
2020-02-28,30.2,31.32,29.86,30.45,29.1706535571487,3917379,0.0000,1.0
2020-02-27,31.99,32.56,30.99,30.99,29.6879656399356,2763464,0.0000,1.0
2020-02-26,33.36,33.41,32.08,32.4,31.0387249672124,2761161,0.0000,1.0
2020-02-25,34.41,34.55,32.645,32.83,31.4506586627649,1922764,0.0000,1.0
2020-02-24,35.27,35.44,34.09,34.27,32.8301575501966,1503855,0.0000,1.0
2020-02-21,36.29,36.84,35.48,35.5,34.0084795165445,1593492,0.0000,1.0
2020-02-20,37.18,37.34,35.9,36.54,35.0047842685785,1605168,0.0000,1.0
2020-02-19,37.24,37.72,37.1,37.53,35.9531897536877,674170,0.0000,1.0
2020-02-18,37.26,37.405,36.94,37.22,35.6562142987545,965582,0.0000,1.0
2020-02-14,37.53,37.59,37.0,37.31,35.742432979219,750538,0.0000,1.0
2020-02-13,36.95,37.74,36.95,37.52,35.9436099003028,1059421,0.0000,1.0
2020-02-12,36.77,37.22,36.72,37.16,35.5987351784449,907738,0.0000,1.0
2020-02-11,36.85,36.85,36.18,36.61,35.0718432422731,926893,0.0000,1.0
2020-02-10,36.22,36.845,36.1,36.78,35.2347007498171,1441973,0.0000,1.0
2020-02-07,36.45,36.46,35.89,36.37,34.8419267610344,1047945,0.0000,1.0
2020-02-06,38.26,38.44,36.18,36.5,34.9664648550387,2530226,0.0000,1.0
2020-02-05,37.81,38.21,37.45,37.93,36.3363838890854,1984727,0.0000,1.0
2020-02-04,37.27,37.57,36.99,37.4,35.8286516596835,1072480,0.0000,1.0
2020-02-03,36.5,37.25,36.41,36.83,35.2826000167418,1084722,0.0000,1.0
2020-01-31,36.35,36.57,35.849,36.33,34.8036073474947,1604331,0.0000,1.0
2020-01-30,35.6,36.48,35.53,36.46,34.9281454414989,978498,0.0000,1.0
2020-01-29,36.38,36.63,35.875,35.99,34.4778923324066,876059,0.0000,1.0
2020-01-28,36.5,36.82,36.17,36.62,35.081423095658,1353070,0.0000,1.0
2020-01-27,35.81,36.42,35.66,36.37,34.8419267610344,1838808,0.0000,1.0
2020-01-24,36.94,36.94,35.64,36.04,34.5257915993313,2762270,0.0000,1.0
2020-01-23,38.11,38.13,36.7,36.9,35.3496589904364,2407370,0.0000,1.0
2020-01-22,38.41,38.6,38.13,38.4,36.7866369981777,1321156,0.0000,1.0
2020-01-21,38.4,38.54,38.09,38.41,36.7962168515626,1416727,0.0000,1.0
2020-01-17,38.31,38.84,38.31,38.575,36.9542844324142,1662667,0.0000,1.0
2020-01-16,36.91,38.26,36.87,38.23,36.6237794906337,1835130,0.0000,1.0
2020-01-15,36.57,36.86,36.48,36.79,35.244280603202,889594,0.0000,1.0
2020-01-14,36.13,36.77,35.912,36.54,35.0047842685785,1441545,0.0000,1.0
2020-01-13,36.09,36.47,35.82,36.3,34.7748677873398,1206957,0.0000,1.0
2020-01-10,36.55,36.59,35.99,36.085,34.5689009395636,1067149,0.0000,1.0
2020-01-09,36.5,36.67,36.2,36.5,34.9664648550387,850982,0.0000,1.0
2020-01-08,36.58,36.92,36.36,36.42,34.8898260279592,1799546,0.0000,1.0
2020-01-07,35.89,36.58,35.83,36.47,34.9377252948839,955722,0.0000,1.0
2020-01-06,35.94,36.14,35.73,36.015,34.501841965869,793322,0.0000,1.0
2020-01-03,36.01,36.35,36.01,36.1,34.583270719641,940267,0.0000,1.0
2020-01-02,36.5,36.75,35.965,36.46,34.9281454414989,1142526,0.0000,1.0
2019-12-31,36.32,36.525,36.145,36.4,34.8706663211893,988435,0.0000,1.0
2019-12-30,36.79,36.86,36.39,36.44,34.908985734729,893971,0.0000,1.0
2019-12-27,36.95,36.95,36.55,36.725,35.1820115561999,832790,0.0000,1.0
2019-12-26,36.64,36.86,36.5,36.8,35.2538604565869,696708,0.0000,1.0
2019-12-24,36.61,36.8,36.49,36.5,34.9664648550387,347105,0.0000,1.0
2019-12-23,36.16,36.79,36.16,36.63,35.0910029490429,1149180,0.0000,1.0
2019-12-20,36.14,36.393,35.85,36.22,34.6982289602603,2579024,0.0000,1.0
2019-12-19,35.9,36.22,35.84,36.05,34.5353714527163,1098569,0.0000,1.0
2019-12-18,36.28,36.4,35.96,36.0,34.4874721857916,1880818,0.0000,1.0
2019-12-17,35.87,36.33,35.56,36.24,34.7173886670302,1019306,0.0000,1.0
2019-12-16,36.03,36.18,35.81,35.89,34.3820937985572,1097758,0.0000,1.0
2019-12-13,35.92,36.11,35.64,35.86,34.3533542384024,1363637,0.0000,1.0
2019-12-12,35.38,36.06,35.24,35.96,34.4491527722518,1350806,0.0000,1.0
2019-12-11,35.02,35.71,35.02,35.29,33.8073025954607,1647272,0.0000,1.0
2019-12-10,34.77,35.16,34.48,34.92,33.4528480202178,1210663,0.0000,1.0
2019-12-09,34.67,35.18,34.51,34.79,33.3283099262136,1068321,0.0000,1.0
2019-12-06,34.88,35.05,34.535,34.6,33.1462927118997,892880,0.0000,1.0
2019-12-05,34.79,35.0,34.45,34.635,33.179822198747,1203137,0.0000,1.0
2019-12-04,34.29,34.84,34.19,34.64,33.1846121254395,1198067,0.0000,1.0
2019-12-03,34.54,34.63,33.99,34.35,32.9067963772761,1087081,0.0000,1.0
2019-12-02,34.96,35.23,34.745,34.815,33.3522595596759,1014358,0.0000,1.0
2019-11-29,34.9,35.21,34.62,34.98,33.5103271405275,528728,0.0000,1.0
2019-11-27,35.3,35.39,34.895,35.03,33.5582264074522,757250,0.0000,1.0
2019-11-26,34.88,35.29,34.78,35.19,33.7115040616113,1485605,0.0000,1.0
2019-11-25,34.88,35.0,34.58,34.85,33.3857890465232,1108775,0.0000,1.0
2019-11-22,34.77,35.17,34.75,34.875,33.4097386799856,1140024,0.0000,1.0
2019-11-21,35.0,35.43,34.69,34.78,33.3187300728287,992110,0.0000,1.0
2019-11-20,35.19,35.55,34.9,34.995,33.5246969206049,1548949,0.0000,1.0
2019-11-19,34.67,35.48,34.47,35.43,33.9414205428499,1301555,0.0000,1.0
2019-11-18,33.58,34.48,33.55,34.46,33.0121747645105,1344346,0.0000,1.0
2019-11-15,33.75,33.97,33.39,33.595,32.183517446713,1682434,0.0000,1.0
2019-11-14,33.46,33.78,33.28,33.45,32.0446095726314,1251312,0.0000,1.0
2019-11-13,33.63,33.96,33.47,33.57,32.1595678132507,994882,0.0000,1.0
2019-11-12,34.21,34.37,33.755,33.81,32.3894842944893,995892,0.0000,1.0
2019-11-11,34.24,34.33,33.94,34.22,32.7822582832719,768824,0.0000,1.0
2019-11-08,34.14,34.52,33.91,34.43,32.9834352043557,1551508,0.0000,1.0
2019-11-07,33.15,34.265,32.74,34.25,32.8109978434267,2731812,0.0000,1.0
2019-11-06,32.18,32.46,31.67,32.33,30.9716659935178,1430337,0.0000,1.0
2019-11-05,31.9,32.45,31.9,32.15,30.7992286325889,2289616,0.0000,1.0
2019-11-04,32.04,32.04,31.73,31.9,30.5597322979653,1476123,0.0000,1.0
2019-11-01,31.36,31.96,31.18,31.86,30.5214128844256,2996985,0.0000,1.0
2019-10-31,31.17,31.26,30.943,31.24,29.9274619745591,1531716,0.0000,1.0
2019-10-30,31.98,32.06,31.3,31.36,30.0424202151784,1198136,0.0000,1.0
2019-10-29,32.16,32.21,31.84,32.05,30.7034300987394,1129562,0.0000,1.0
2019-10-28,31.72,32.66,31.72,32.21,30.8567077528985,2133576,0.0000,1.0
2019-10-25,31.62,32.06,31.62,31.7,30.3681352302665,1282118,0.0000,1.0
2019-10-24,32.56,32.73,31.2,31.6,30.2723366964171,1456268,0.0000,1.0
2019-10-23,32.87,33.01,32.5,32.61,31.2399018882962,905060,0.0000,1.0
2019-10-22,32.16,32.86,31.928,32.77,31.3931795424553,1523424,0.0000,1.0
2019-10-21,31.71,32.155,31.57,32.09,30.7417495122792,1581784,0.0000,1.0
2019-10-18,31.63,32.07,31.48,31.525,30.20048779603,2453810,0.0000,1.0
2019-10-17,31.5,31.72,31.15,31.49,30.1669583091827,2047636,0.0000,1.0
2019-10-16,31.35,31.59,31.26,31.585,30.2579669163396,1160056,0.0000,1.0
2019-10-15,31.02,31.51,30.8,31.44,30.119059042258,1148910,0.0000,1.0
2019-10-14,31.06,31.13,30.745,31.01,29.7071253467055,1178758,0.0000,1.0
2019-10-11,30.65,31.48,30.63,31.16,29.8508231474796,1571702,0.0000,1.0
2019-10-10,30.22,30.53,30.05,30.425,29.1467039236864,1167354,0.0000,1.0
2019-10-09,30.21,30.41,29.94,30.26,28.9886363428348,1147602,0.0000,1.0
2019-10-08,30.21,30.21,29.61,30.035,28.7730896416736,1234910,0.0000,1.0
2019-10-07,30.51,31.04,30.48,30.49,29.2089729706885,962561,0.0000,1.0
2019-10-04,30.5,30.78,30.34,30.485,29.204183043996,998978,0.0000,1.0
2019-10-03,30.25,30.43,29.67,30.39,29.1131744368391,1074102,0.0000,1.0
2019-10-02,30.99,31.2,30.26,30.31,29.0365356097595,1123876,0.0000,1.0
2019-10-01,31.7,32.01,31.13,31.18,29.8699828542495,880723,0.0000,1.0
2019-09-30,31.68,31.85,31.34,31.54,30.2148575761074,712092,0.0000,1.0
2019-09-27,31.51,31.71,31.13,31.48,30.1573784557978,870745,0.0000,1.0
2019-09-26,32.06,32.06,31.35,31.47,30.1477986024128,1318245,0.0000,1.0
2019-09-25,31.48,32.17,31.48,32.0,30.6555308318147,1459454,0.0000,1.0
2019-09-24,32.32,32.35,31.4,31.53,30.2052777227225,1208646,0.0000,1.0
2019-09-23,32.16,32.335,31.88,32.18,30.8279681927437,855046,0.0000,1.0
2019-09-20,31.89,32.3,31.63,32.08,30.7321696588943,1598772,0.0000,1.0
2019-09-19,32.57,32.66,31.9,31.97,30.6267912716599,635227,0.0000,1.0
2019-09-18,32.68,32.84,32.03,32.5,31.1345235010618,1212803,0.0000,1.0
2019-09-17,33.46,33.46,32.72,32.82,31.44107880938,890641,0.0000,1.0
2019-09-16,33.52,33.66,33.35,33.49,32.0829289861711,653062,0.0000,1.0
2019-09-13,33.68,34.08,33.45,33.71,32.2936857606398,938782,0.0000,1.0
2019-09-12,34.12,34.12,33.59,33.7,32.2841059072549,1159707,0.0000,1.0
2019-09-11,34.1,34.23,33.62,33.97,32.5427619486483,1073821,0.0000,1.0
2019-09-10,33.76,34.42,33.76,34.22,32.7822582832719,1421815,0.0000,1.0
2019-09-09,33.68,34.02,33.31,33.99,32.5619216554182,792534,0.0000,1.0
2019-09-06,33.95,34.35,33.73,33.87,32.4469634147989,875145,0.0000,1.0
2019-09-05,33.52,34.03,33.23,33.91,32.4852828283387,965302,0.0000,1.0
2019-09-04,32.65,33.26,32.535,33.21,31.8146930913927,971059,0.0000,1.0
2019-09-03,32.4,32.735,32.16,32.43,31.0674645273672,986431,0.2300,1.0
2019-08-30,33.27,33.31,32.47,32.8,31.2006379821692,1295528,0.0000,1.0
2019-08-29,31.78,32.8,31.665,32.45,30.8677043451643,1727754,0.0000,1.0
2019-08-28,31.67,31.94,31.33,31.56,30.0211016682091,1001974,0.0000,1.0
2019-08-27,31.9,32.05,31.61,31.62,30.0781760059814,1763496,0.0000,1.0
2019-08-26,31.67,31.82,31.28,31.71,30.1637875126398,1508608,0.0000,1.0
2019-08-23,32.66,32.72,31.33,31.44,29.9069529926646,1475591,0.0000,1.0
2019-08-22,33.19,33.34,32.73,32.82,31.2196627614266,1438751,0.0000,1.0
2019-08-21,33.47,33.51,32.87,33.15,31.533571619174,1408738,0.0000,1.0
2019-08-20,33.5,33.82,33.25,33.36,31.733331801377,1711158,0.0000,1.0
2019-08-19,33.31,33.9,33.3,33.6,31.961629152466,1633531,0.0000,1.0
2019-08-16,33.09,33.29,32.71,33.01,31.4003981643721,1410314,0.0000,1.0
2019-08-15,33.65,34.03,32.71,32.81,31.2101503717979,2016945,0.0000,1.0
2019-08-14,34.78,34.78,33.37,33.66,32.0187034902383,1372250,0.0000,1.0
2019-08-13,34.67,35.53,34.67,35.0,33.2933637004854,1716149,0.0000,1.0
2019-08-12,35.28,35.28,34.67,34.81,33.1126282975399,1335099,0.0000,1.0
2019-08-09,34.95,35.56,34.88,35.37,33.6453221167477,1337114,0.0000,1.0
2019-08-08,37.34,37.34,34.89,35.0,33.2933637004854,3361133,0.0000,1.0
2019-08-07,36.05,36.93,35.76,36.79,34.9960814440245,1784859,0.0000,1.0
2019-08-06,35.93,36.51,35.85,36.4,34.6250982485048,1536308,0.0000,1.0
2019-08-05,36.28,36.48,35.75,36.0,34.2446026633564,2043727,0.0000,1.0
2019-08-02,36.84,36.85,36.29,36.56,34.7772964825642,1113369,0.0000,1.0
2019-08-01,37.16,37.45,36.69,36.84,35.0436433921681,1757944,0.0000,1.0
2019-07-31,37.7,37.7,36.772,37.2,35.3860894188017,1831333,0.0000,1.0
2019-07-30,37.5,38.06,37.5,37.85,36.0043947446678,1825475,0.0000,1.0
2019-07-29,37.44,37.84,37.34,37.69,35.8521965106084,885755,0.0000,1.0
2019-07-26,37.37,38.03,37.33,37.49,35.6619487180342,915589,0.0000,1.0
2019-07-25,36.91,37.54,36.9,37.43,35.604874380262,1411803,0.0000,1.0
2019-07-24,36.46,37.08,36.44,36.89,35.0912053403116,1233524,0.0000,1.0
2019-07-23,36.35,36.75,35.99,36.51,34.7297345344207,2003214,0.0000,1.0
2019-07-22,36.47,36.64,36.28,36.32,34.5489991314752,1557766,0.0000,1.0
2019-07-19,36.71,36.76,36.2,36.45,34.6726601966484,1934281,0.0000,1.0
2019-07-18,36.1,36.76,36.0,36.61,34.8248584307077,3015699,0.0000,1.0
2019-07-17,36.62,36.72,36.093,36.17,34.4063132870445,1892152,0.0000,1.0
2019-07-16,37.08,37.11,36.61,36.69,34.9009575477374,1613120,0.0000,1.0
2019-07-15,37.12,37.21,36.61,37.04,35.2338911847423,1344926,0.0000,1.0
2019-07-12,36.32,37.01,36.32,36.96,35.1577920677126,1582893,0.0000,1.0
2019-07-11,36.13,36.37,35.85,36.31,34.5394867418465,1206502,0.0000,1.0
2019-07-10,36.11,36.41,36.03,36.14,34.3777761181584,1177618,0.0000,1.0
2019-07-09,35.98,36.29,35.79,36.01,34.2541150529851,1661275,0.0000,1.0
2019-07-08,36.36,36.935,36.05,36.13,34.3682637285297,910742,0.0000,1.0
2019-07-05,36.28,36.77,36.07,36.56,34.7772964825642,1190558,0.0000,1.0
2019-07-03,36.7,36.77,36.31,36.35,34.5775363003613,918880,0.0000,1.0
2019-07-02,35.96,36.57,35.96,36.53,34.7487593136781,1431153,0.0000,1.0
2019-07-01,36.82,36.87,35.715,35.96,34.2065531048416,2691314,0.0000,1.0
2019-06-28,35.89,36.64,35.67,36.53,34.7487593136781,4921105,0.0000,1.0
2019-06-27,35.36,36.12,35.06,35.75,34.0067929226387,2880867,0.0000,1.0
2019-06-26,35.46,35.89,35.16,35.31,33.5882477789754,2271879,0.0000,1.0
2019-06-25,35.45,35.52,34.9,35.19,33.4740991034309,1853675,0.0000,1.0
2019-06-24,35.72,35.79,35.39,35.54,33.8070327404358,1621068,0.0000,1.0
2019-06-21,35.36,37.0,35.04,35.88,34.1304539878119,4338334,0.0000,1.0
2019-06-20,36.15,36.15,35.31,35.35,33.6262973374903,1879719,0.0000,1.0
2019-06-19,35.88,36.08,35.35,35.74,33.99728053301,2011514,0.0000,1.0
2019-06-18,36.09,36.72,35.71,35.83,34.0828920396684,2680862,0.0000,1.0
2019-06-17,35.18,35.965,35.04,35.8,34.0543548707822,2287969,0.0000,1.0
2019-06-14,34.99,35.16,34.56,34.96,33.2553141419706,2414743,0.0000,1.0
2019-06-13,34.96,35.12,34.6,34.94,33.2362893627132,1315426,0.0000,1.0
2019-06-12,33.81,34.735,33.8,34.7,33.0079920116241,2240306,0.0000,1.0
2019-06-11,33.77,34.04,33.65,33.83,32.1804141139263,1201832,0.0000,1.0
2019-06-10,33.86,34.0377,33.56,33.74,32.094802607268,1142811,0.0000,1.0
2019-06-07,33.84,34.05,33.66,33.68,32.0377282694957,925130,0.0000,1.0
2019-06-06,34.01,34.23,33.6,33.74,32.094802607268,1209050,0.0000,1.0
2019-06-05,34.24,34.57,33.9,34.02,32.3611495168718,1346948,0.0000,1.0
2019-06-04,34.03,34.81,33.75,34.09,32.4277362442728,2276227,0.0000,1.0
2019-06-03,34.61,34.81,33.32,33.78,32.1328521657828,2219530,0.0000,1.0
2019-05-31,34.55,34.81,34.25,34.71,33.0175044012528,1736450,0.0000,1.0
2019-05-30,35.36,35.695,34.69,34.81,33.1126282975399,1079668,0.0000,1.0
2019-05-29,36.0,36.16,35.28,35.3,33.5787353893467,1437579,0.0000,1.0
2019-05-28,36.59,36.95,36.11,36.16,34.3968008974158,2384643,0.0000,1.0
2019-05-24,36.51,36.76,36.4,36.45,34.6726601966484,828141,0.0000,1.0
2019-05-23,36.39,36.63,36.18,36.51,34.7297345344207,1860127,0.0000,1.0
2019-05-22,37.1,37.29,36.62,36.67,34.88193276848,830229,0.0000,1.0
2019-05-21,36.82,37.525,36.64,37.18,35.3670646395442,1272400,0.0000,1.0
2019-05-20,36.54,37.14,36.54,36.68,34.8914451581087,996354,0.0000,1.0
2019-05-17,36.08,37.07,36.08,36.83,35.0341310025394,1084397,0.2300,1.0
2019-05-16,37.28,37.6,36.28,36.32,34.3345827850035,2679971,0.0000,1.0
2019-05-15,37.24,37.48,37.13,37.23,35.1948380254868,873872,0.0000,1.0
2019-05-14,37.54,38.025,37.405,37.48,35.4311718827624,1663135,0.0000,1.0
2019-05-13,37.48,38.15,37.22,37.5,35.4500785913445,1598369,0.0000,1.0
2019-05-10,37.9,38.25,36.98,38.05,35.9700130773509,1633502,0.0000,1.0
2019-05-09,38.08,38.63,36.95,37.97,35.8943862430227,3458170,0.0000,1.0
2019-05-08,36.56,37.08,36.27,36.82,34.8072504995548,2108681,0.0000,1.0
2019-05-07,36.97,37.22,36.575,36.7,34.6938102480625,1412324,0.0000,1.0
2019-05-06,36.72,37.4,36.47,37.31,35.270464859815,1534153,0.0000,1.0
2019-05-03,36.86,37.26,36.64,37.02,34.9963175853753,1229683,0.0000,1.0
2019-05-02,38.75,38.8,36.5,36.84,34.8261572081368,2627742,0.0000,1.0
2019-05-01,38.66,38.8,38.09,38.74,36.6222945234316,1474972,0.0000,1.0
2019-04-30,38.59,38.78,37.89,38.5,36.395414020447,1809965,0.0000,1.0
2019-04-29,37.74,38.91,37.69,38.73,36.6128411691406,1716829,0.0000,1.0
2019-04-26,37.8,37.94,37.4,37.91,35.8376661172765,2505690,0.0000,1.0
2019-04-25,37.48,37.68,37.04,37.64,35.5824255514188,1422924,0.0000,1.0
2019-04-24,37.51,37.76,37.33,37.45,35.4028118198894,1230821,0.0000,1.0
2019-04-23,37.22,37.82,37.07,37.6,35.5446121342547,5455096,0.0000,1.0
2019-04-22,37.84,37.88,37.11,37.24,35.2042913797778,1665002,0.0000,1.0
2019-04-18,38.34,38.37,37.92,37.92,35.8471194715675,2315174,0.0000,1.0
2019-04-17,37.18,38.25,37.18,38.21,36.1212667460073,2122111,0.0000,1.0
2019-04-16,37.11,37.28,36.93,37.21,35.1759313169048,1869325,0.0000,1.0
2019-04-15,36.91,36.99,36.47,36.98,34.9585041682112,891220,0.0000,1.0
2019-04-12,36.47,37.08,35.92,36.95,34.9301441053381,3175196,0.0000,1.0
2019-04-11,35.98,36.5,35.53,36.41,34.4196629736227,978211,0.0000,1.0
2019-04-10,36.91,37.05,35.86,35.93,33.9659019676535,843636,0.0000,1.0
2019-04-09,36.81,37.07,36.59,36.89,34.8734239795919,1793850,0.0000,1.0
2019-04-08,36.94,36.94,36.65,36.85,34.8356105624279,1928972,0.0000,1.0
2019-04-05,35.99,37.09,35.94,36.98,34.9585041682112,2116209,0.0000,1.0
2019-04-04,35.56,36.07,35.39,36.03,34.0604355105638,2223200,0.0000,1.0
2019-04-03,35.78,35.89,35.3,35.5,33.5594077331395,2831551,0.0000,1.0
2019-04-02,36.21,36.46,35.21,35.7,33.74847481896,1491180,0.0000,1.0
2019-04-01,36.17,36.34,35.94,36.15,34.1738757620561,4338366,0.0000,1.0
2019-03-29,35.88,36.17,35.39,35.88,33.9186351961984,2679171,0.0000,1.0
2019-03-28,36.14,36.47,35.55,35.67,33.7201147560869,2220583,0.0000,1.0
2019-03-27,36.75,37.17,36.06,36.2,34.2211425335112,2871305,0.0000,1.0
2019-03-26,36.46,37.35,36.46,36.71,34.7032636023535,3350854,0.0000,1.0
2019-03-25,37.57,37.81,36.35,36.45,34.4574763907868,4035118,0.0000,1.0
2019-03-22,38.76,38.84,36.55,37.46,35.4122651741804,4902540,0.0000,1.0
2019-03-21,38.0,38.91,37.84,38.88,36.754641483506,8865546,0.0000,1.0
2019-03-20,39.85,39.851,37.46,37.6,35.5446121342547,5147908,0.0000,1.0
2019-03-19,41.4,41.4,39.05,39.55,37.3880162210046,2540234,0.0000,1.0
2019-03-18,41.73,41.73,40.47,40.86,38.626405633129,581717,0.0000,1.0
2019-03-15,40.55,41.05,40.5,41.02,38.7776593017854,164177,0.0000,1.0
2019-03-14,39.5,40.65,39.32,39.96,37.7756037469367,279685,0.0000,1.0
2019-03-13,38.6,39.3,38.0,39.2,37.0571488208188,305985,0.0000,1.0
